IsActive,Number,Name,Date,Notes,Barcode,ArticleAccountCoding,Unit,NetPrice,EU,stock,PurchasePrice,StockBalance,price_with_taxes,price_with_taxes (-20%)
TRUE,11356,(VO-213A) - Drivaksel høyre,1633427368,,,90,PCE,,138,12,1490.4,,2750,2200
TRUE,11357,(VO-223A) - Drivaksel,1633427369,,,90,PCE,,74,11,799.2,,2999,2399.2
TRUE,11359,(VO-206) - (FD-285) - Drivaksel høyre,1633427370,,,90,PCE,,63,11,680.4,,2390,1912
TRUE,11360,(TO-124A) - Drivaksel Venstre,1633427371,,,90,PCE,26000000,63,9,680.4,,3250,2600
TRUE,11361,(TO-323) - Drivaksel,1633427372,,,90,PCE,,82,9,885.6,,3200,2560
TRUE,11362,(TO-152A)- Drivaksel venstre,1633427373,,,90,PCE,20480000,69,8,745.2,,2560,2048
TRUE,30001,(VW-305A)- (vw-143A)- Drivaksel,1633427374,,,90,PCE,,43,7,464.4,,1499,1199.2
TRUE,53154,(PG-110A)- ((P177AL)) -((245101))- Drivaksel venstre,1633427375,,,90,PCE,,57,7,615.6,,1790,1432
TRUE,0482-V75R,(HO-259A) - Drivaksel høyre,1633427376,,,90,PCE,22400000,82,7,885.6,,2800,2240
TRUE,0726q,(VW-284) - Drivaksel høyre,1633427377,,,90,PCE,,81,7,874.8,,2940,2352
TRUE,37140-3507,(MB-226) - Drivaksel høyre,1633427378,,,90,PCE,,72,6,777.6,,3125,2500
TRUE,AAAAAAA,(VO-108) - Drivaksel venstre,1633427379,,,90,PCE,,57,6,615.6,,2150,1720
TRUE,ABSRING,(NI-174) - (241481) - Drivaksel venstre,1633427380,,,90,PCE,,114,6,1231.2,,3990,3192
TRUE,AD-315,AD-214A (AD-206A) - Drivaksel høyre,1633427381,,,90,PCE,,55,6,594,,2200,1760
TRUE,Bedriftspakke,BM-104 - Drivaksel venstre,1633427382,,,90,PCE,,62,6,669.6,,2180,1744
TRUE,CB-MB-9442,(Vw-247)- (VW-245)- Drivaksel,1633427383,,,90,PCE,,75,6,810,,2870,2296
TRUE,CB-MB-997,(MB-307) - Drivaksel,1633427384,,,90,PCE,,71,6,766.8,,3100,2480
TRUE,CB10000,(VW-145)- (vw-146)- Drivaksel,1633427385,,,90,PCE,,61,6,658.8,,2510,2008
TRUE,CB10001,(OP-206A) - Drivaksel høyre,1633427386,,,90,PCE,,52,6,561.6,,1560,1248
TRUE,CB10003,(TO-153A) - Drivaksel framaksel venstre,1633427387,,,90,PCE,25000000,49,5,529.2,,3125,2500
TRUE,CB10004,(TO-132A) - Drivaksel venstre,1633427388,,,90,PCE,,71,5,766.8,,3145,2516
TRUE,CB10006,(CT-258) - Drivaksel høyre,1633427389,,,90,PCE,23200000,74,5,799.2,,2900,2320
TRUE,CB10007,PG-206 -(PG-207)-(245104)- Drivaksel høyre,1633427390,,,90,PCE,,51,5,550.8,,1999,1599.2
TRUE,CB10009,(RN-239) - Drivaksel høyre,1633427391,,,90,PCE,,79,5,853.2,,2999,2399.2
TRUE,CB10010,(RN-132) - Drivaksel venstre,1633427392,,,90,PCE,,61,5,658.8,,1990,1592
TRUE,CB10012,(FD-272A) - (FD-242A)- Drivaksel høyre,1633427393,,,90,PCE,,74,5,799.2,,2990,2392
TRUE,CB10013,BM-204 -(BM184RN)- Drivaksel høyre,1633427394,,,90,PCE,,63,5,680.4,,2480,1984
TRUE,CB10014,(Gsp -261257 ) Drivaksel bak venstre,1633427395,,,90,PCE,17520000,37,5,399.6,,2190,1752
TRUE,CB10015,(BM-601) - Drivaksel,1633427396,,,90,PCE,,114,5,1231.2,,3180,2544
TRUE,CB10017,(HO-159A) Drivaksel venstre,1633427397,,,90,PCE,23992000,84,5,907.2,,2999,2399.2
TRUE,CB10019,(VO-210A) - Drivaksel Volvo framaksel høyre,1633427398,,,90,PCE,18000000,61,5,658.8,,2250,1800
TRUE,CB10021,(FD-275)Drivaksel framaksel høyre,1633427399,,,90,PCE,28720000,100,5,1080,,3590,2872
TRUE,CB10022,(HO-133A)-  Drivaksel venstre foran,1633427400,,,90,PCE,22400000,54,4,583.2,,2800,2240
TRUE,CB10025,(VO-2172) -(VO172RN)- Drivaksel,1633427401,,,90,PCE,,90,4,972,,2780,2224
TRUE,CB10026,Gsp-(259674),1633427402,,,90,PCE,,40,4,432,,3690,2952
TRUE,CB10028,Gsp-(259673),1633427403,,,90,PCE,,35,4,378,,3590,2872
TRUE,CB10029,(VO-116A) - Drivaksel venstre,1633427404,,,90,PCE,,68,4,734.4,,2290,1832
TRUE,CB10030,(FD-280) - Drivaksel høyre,1633427405,,,90,PCE,,91,4,982.8,,2980,2384
TRUE,CB10031,(HO-250) - Drivaksel høyre,1633427406,,,90,PCE,,82,4,885.6,,2650,2120
TRUE,CB10033,(VW-142) - Drivaksel venstre,1633427407,,,90,PCE,,71,4,766.8,,2400,1920
TRUE,CB10034,(VW-134) - Drivaksel venstre,1633427408,,,90,PCE,,47,4,507.6,,2199,1759.2
TRUE,CB10040,(OP-210A) - Drivaksel,1633427409,,,90,PCE,,43,4,464.4,,1828,1462.4
TRUE,CB10046,(VW-251) - Drivaksel høyre,1633427410,,,90,PCE,,50,4,540,,1750,1400
TRUE,CB10048,(VW-155) - Drivaksel venstre,1633427411,,,90,PCE,18400000,48,4,518.4,,2300,1840
TRUE,CB10049,(CT-171) - Drivaksel venstre,1633427412,,,90,PCE,,107,4,1155.6,,2989,2391.2
TRUE,CB10051,RN-223 (rn-222) - Drivaksel,1633427413,,,90,PCE,,47,4,507.6,,1650,1320
TRUE,CB10052,(RN-130A) - Drivaksel venstre,1633427414,,,90,PCE,,74,4,799.2,,2450,1960
TRUE,CB10053,(TO-147A)- Drivaksel venstre,1633427415,,,90,PCE,23000000,89,4,961.2,,2875,2300
TRUE,CB10054,(CT-205) - Drivaksel,1633427416,,,90,PCE,,50,4,540,,1650,1320
TRUE,CB10055,BM-119 -(1914-E70LH)- Drivaksel,1633427417,,,90,PCE,,82,4,885.6,,3800,3040
TRUE,CB10056,(Fd-288)-Drivaksel framaksel høyre,1633427418,,,90,PCE,25520000,77,4,831.6,,3190,2552
TRUE,CB10060,(TO-154) - Drivaksel venstre,1633427419,,,90,PCE,,77,4,831.6,,3250,2600
TRUE,CB10061,(FD-602A) Drivaksel,1633427420,,,90,PCE,,74,4,799.2,,2890,2312
TRUE,CB10067,(VO-214A) - Drivaksel høyre,1633427421,,,90,PCE,,69,4,745.2,,2490,1992
TRUE,CB10070,"(FD-170) - Drivaksel, Volvo Ford, Venstre ",1633427422,,,90,PCE,15200000,50,3,540,,1900,1520
TRUE,CB10071,(MB-235A) - Drivaksel Høyre,1633427423,,,90,PCE,,102,3,1101.6,,4999,3999.2
TRUE,CB10072,(MB-324) - Drivaksel,1633427424,,,90,PCE,,56,3,604.8,,2250,1800
TRUE,CB10073,(MB-207) - Drivaksel høyre,1633427425,,,90,PCE,,75,3,810,,3250,2600
TRUE,CB10074,(MB-192A) - Drivaksel venstre,1633427426,,,90,PCE,,163,3,1760.4,,4999,3999.2
TRUE,CB10075,(MB-202) - Drivaksel,1633427427,,,90,PCE,,94,3,1015.2,,5350,4280
TRUE,CB10076,(MB-302A) - Drivaksel,1633427428,,,90,PCE,,43,3,464.4,,1590,1272
TRUE,CB10078,(VO-233) - Drivaksel høyre,1633427429,,,90,PCE,,114,3,1231.2,,3590,2872
TRUE,CB10084,(VO-106) - (FD-185)- Drivaksel,1633427430,,,90,PCE,,58,3,626.4,,2450,1960
TRUE,CB10085,(VO-212A) - Drivaksel,1633427431,,,90,PCE,,147,3,1587.6,,3125,2500
TRUE,CB10086,ncv73518 - Drivaksel,1633427432,,,90,PCE,,80,3,864,,2750,2200
TRUE,CB10087,(VO-136XP) - Drivaksel,1633427433,,,90,PCE,,75,3,810,,2750,2200
TRUE,CB10088,(FD-163) - Drivaksel venstre,1633427434,,,90,PCE,,61,3,658.8,,2550,2040
TRUE,CB10091,(FD-283) - Drivaksel høyre,1633427435,,,90,PCE,,77,3,831.6,,3080,2464
TRUE,CB10093,(SB-310A) - Drivaksel,1633427436,,,90,PCE,,54,3,583.2,,2250,1800
TRUE,CB10094,(SB-309) - Drivaksel,1633427437,,,90,PCE,,60,3,648,,2250,1800
TRUE,CB10095,(NI-306) - Drivaksel,1633427438,,,90,PCE,,68,3,734.4,,3131,2504.8
TRUE,CB10098,(VW-424) - Drivaksel,1633427439,,,90,PCE,,77,3,831.6,,2600,2080
TRUE,CB10100,(VW-181)- (vw-141 )- Drivaksel,1633427440,,,90,PCE,,74,3,799.2,,2400,1920
TRUE,CB10102,(VW-308A) - Drivaksel,1633427441,,,90,PCE,,43,3,464.4,,1650,1320
TRUE,CB10103,(AD-215A) - Drivaksel høyre,1633427442,,,90,PCE,,50,3,540,,1600,1280
TRUE,CB10104,(PG-412) - (MI180LN) - Drivaksel,1633427443,,,90,PCE,,71,3,766.8,,3100,2480
TRUE,CB10105,(PG-210A) - Drivaksel høyre,1633427444,,,90,PCE,,50,3,540,,1750,1400
TRUE,CB10106,(CH-130A) - Drivaksel venstre,1633427445,,,90,PCE,,70,3,756,,2450,1960
TRUE,CB10107,(FI-216) -Drivaksel høyre,1633427446,,,90,PCE,,63,3,680.4,,2750,2200
TRUE,CB10108,(RV-138A) - Drivaksel,1633427447,,,90,PCE,,148,3,1598.4,,3140,2512
TRUE,CB10109,(CT-217A) - Drivaksel høyre,1633427448,,,90,PCE,,42,3,453.6,,1616,1292.8
TRUE,CB10110,(BM-122) - Drivaksel venstre,1633427449,,,90,PCE,,118,3,1274.4,,2999,2399.2
TRUE,CB10111,(BM-301A) - Drivaksel,1633427450,,,90,PCE,,53,3,572.4,,1860,1488
TRUE,CB10112,(VO-204A) - Drivaksel høyre,1633427451,,,90,PCE,,65,3,702,,2100,1680
TRUE,CB10113,(VO-239A) - Drivaksel høyre,1633427452,,,90,PCE,,105,3,1134,,3250,2600
TRUE,CB10115,(CT-209A) - Drivaksel høyre,1633427453,,,90,PCE,,63,3,680.4,,2200,1760
TRUE,CB10116,(BM-304A) - Drivaksel,1633427454,,,90,PCE,,60,3,648,,2290,1832
TRUE,CB10117,(VW-285) - Drivaksel høyre,1633427455,,,90,PCE,,101,3,1090.8,,3350,2680
TRUE,CB10119,(BM-206) - Drivaksel høyre,1633427456,,,90,PCE,,62,3,669.6,,2490,1992
TRUE,CB10120,(FD-257) - Drivaksel høyre,1633427457,,,90,PCE,,59,3,637.2,,2250,1800
TRUE,CB10121,(FD-503) - Drivaksel,1633427458,,,90,PCE,,87,3,939.6,,3250,2600
TRUE,CB10123,(VO-114A)- Drivaksel venstre,1633427459,,,90,PCE,20000000,71,2,766.8,,2500,2000
TRUE,CB10129,"(TO-322)- Drivaksel, Toyota, Framaksel",1633427460,,,90,PCE,24800000,87,2,939.6,,3100,2480
TRUE,CB10130,(VO-113A) - Drivaksel venstre,1633427461,,,90,PCE,22000000,137,2,1479.6,,2750,2200
TRUE,CB10131,(VO-110A) Drivaksel venstre,1633427462,,,90,PCE,16800000,56,2,604.8,,2100,1680
TRUE,CB10132,(FD-133) - Drivaksel venstre foran,1633427463,,,90,PCE,20280000,53,2,572.4,,2535,2028
TRUE,CB10135,(MB-191A) - Drivaksel venstre,1633427464,,,90,PCE,,163,2,1760.4,,6999,5599.2
TRUE,CB10137,(MB-105A) - Drivaksel venstre,1633427465,,,90,PCE,,50,2,540,,1930,1544
TRUE,CB10138,(MB-116) - Drivaksel venstre,1633427466,,,90,PCE,,65,2,702,,3250,2600
TRUE,CB10140,(MB-126) - Drivaksel venstre,1633427467,,,90,PCE,,57,2,615.6,,2960,2368
TRUE,CB10142,(MB-1610) - (1614-210LH)- Drivaksel,1633427468,,,90,PCE,,81,2,874.8,,4480,3584
TRUE,CB10144,(MB-292A) -(1614-203RH) - Drivaksel,1633427469,,,90,PCE,,163,2,1760.4,,5999,4799.2
TRUE,CB10145,(MB-603A) - (235009 ) - Drivaksel,1633427470,,,90,PCE,,60,2,648,,2680,2144
TRUE,CB10146,(MB-204)- Drivaksel høyre,1633427471,,,90,PCE,,75,2,810,,4999,3999.2
TRUE,CB10147,(MB-205A) - Drivaksel høyre,1633427472,,,90,PCE,,55,2,594,,2422,1937.6
TRUE,CB10148,(MB-301A) - Drivaksel,1633427473,,,90,PCE,,45,2,486,,1490,1192
TRUE,CB10149,(MB-211) - Drivaksel høyre,1633427474,,,90,PCE,,63,2,680.4,,3149,2519.2
TRUE,CB10151,(VO-215A) Drivaksel høyre,1633427475,,,90,PCE,,131,2,1414.8,,2990,2392
TRUE,CB10153,(VO-130A) - Drivaksel venstre,1633427476,,,90,PCE,,89,2,961.2,,2760,2208
TRUE,CB10154,(VO-231) -  (262053) Drivaksel,1633427477,,,90,PCE,,81,2,874.8,,3599,2879.2
TRUE,CB10156,(VO-225A) - Drivaksel høyre,1633427478,,,90,PCE,,131,2,1414.8,,3325,2660
TRUE,CB10158,(TO-1886) - (0112-ZZT251LH),1633427479,,,90,PCE,,51,2,550.8,,2490,1992
TRUE,CB10159,Gsp - ( 259172 ),1633427480,,,90,PCE,,46,2,496.8,,3690,2952
TRUE,CB10161,Shaftec- (TO191L) ED- ( TO-164 )- Drivaksel,1633427481,,,90,PCE,,92,2,993.6,,3690,2952
TRUE,CB10162,Shaftec - (TO221LN) ED-(TO-160) Gsp-(259657),1633427482,,,90,PCE,,110,2,1188,,3450,2760
TRUE,CB10165,(VO-121A) - Drivaksel,1633427483,,,90,PCE,,98,2,1058.4,,2990,2392
TRUE,CB10168,(VO-224A) - Drivaksel høyre,1633427484,,,90,PCE,,77,2,831.6,,2490,1992
TRUE,CB10169,Drivaksel høyre,1633427485,,,90,PCE,,81,2,874.8,,,
TRUE,CB10171,(FD-220A) - Drivaksel høyre,1633427486,,,90,PCE,,63,2,680.4,,2350,1880
TRUE,CB10172,(FD-258) Drivaksel høyre,1633427487,,,90,PCE,,57,2,615.6,,2400,1920
TRUE,CB10173,(FD-186) - Drivaksel venstre,1633427488,,,90,PCE,,86,2,928.8,,3250,2600
TRUE,CB10174,(FD-118) - Drivaksel venstre,1633427489,,,90,PCE,,41,2,442.8,,1300,1040
TRUE,CB10175,(FD-119) - Drivaksel venstre,1633427490,,,90,PCE,,43,2,464.4,,1300,1040
TRUE,CB10176,(VO-112A) - Drivaksel venstre,1633427491,,,90,PCE,,156,2,1684.8,,3800,3040
TRUE,CB11001,(FD-263) - Drivaksel høyre,1633427492,,,90,PCE,,68,2,734.4,,2550,2040
TRUE,CB20020,(FD-406) - Drivaksel,1633427493,,,90,PCE,,93,2,1004.4,,3340,2672
TRUE,CLUTCH200,(FD-172A) - Drivaksel venstre,1633427494,,,90,PCE,,66,2,712.8,,2890,2312
TRUE,DK10002,(FD-134)- (FD-156)- Drivaksel venstre,1633427495,,,90,PCE,,48,2,518.4,,2400,1920
TRUE,DK10003,(HO-233A) - Drivaksel høyre,1633427496,,,90,PCE,,57,2,615.6,,2900,2320
TRUE,DK10028,(HO-222A) - Drivaksel høyre,1633427497,,,90,PCE,,56,2,604.8,,2180,1744
TRUE,DK10030,(HO-122A) - Drivaksel venstre,1633427498,,,90,PCE,,50,2,540,,2180,1744
TRUE,DK10035,(HO-234A) - Drivaksel høyre,1633427499,,,90,PCE,,58,2,626.4,,2650,2120
TRUE,DK10038,(HO-158) - Drivaksel venstre,1633427500,,,90,PCE,,71,2,766.8,,3180,2544
TRUE,DK10041,(NI-307) - Drivaksel,1633427501,,,90,PCE,,98,2,1058.4,,2584,2067.2
TRUE,DK10053,(NI-130A) - Drivaksel venstre,1633427502,,,90,PCE,,50,2,540,,1350,1080
TRUE,DK10054,(NI-271) - Drivaksel høyre,1633427503,,,90,PCE,,86,2,928.8,,3125,2500
TRUE,DK10060,(NI-171) - Drivaksel venstre,1633427504,,,90,PCE,,75,2,810,,2999,2399.2
TRUE,DK10067,(NI-137A) - Drivaksel venstre,1633427505,,,90,PCE,,44,2,475.2,,1480,1184
TRUE,DK10072,(VW-154) - Drivaksel venstre,1633427506,,,90,PCE,,48,2,518.4,,2190,1752
TRUE,DK10074,(VW-420) - Drivaksel,1633427507,,,90,PCE,,63,2,680.4,,2550,2040
TRUE,DK10096,(VW-140A) - Drivaksel venstre,1633427508,,,90,PCE,,53,2,572.4,,1850,1480
TRUE,DK10105,(VW-150) - Drivaksel venstre,1633427509,,,90,PCE,,50,2,540,,1980,1584
TRUE,DK10130,(VW-302A) - Drivaksel,1633427510,,,90,PCE,,52,2,561.6,,1890,1512
TRUE,DK10132,(OP-106A) - Drivaksel venstre,1633427511,,,90,PCE,,49,2,529.2,,1690,1352
TRUE,DK10133,(OP-110A)- (OP-109A)- Drivaksel,1633427512,,,90,PCE,,43,2,464.4,,1900,1520
TRUE,DK10141,(OP-123) - Drivaksel venstre,1633427513,,,90,PCE,,70,2,756,,2300,1840
TRUE,DK10142,(OP-203A) - Drivaksel høyre,1633427514,,,90,PCE,,48,2,518.4,,1770,1416
TRUE,DK10145,(OP-217A) - Drivaksel høyre,1633427515,,,90,PCE,,54,2,583.2,,2190,1752
TRUE,DK10148,(VW-243A) - Drivaksel høyre,1633427516,,,90,PCE,,57,2,615.6,,1990,1592
TRUE,DK10152,(VW-203)- Drivaksel höyre,1633427517,,,90,PCE,,49,2,529.2,,2199,1759.2
TRUE,DK10155,(VW-504) - Drivaksel,1633427518,,,90,PCE,,107,2,1155.6,,3680,2944
TRUE,DK10164,(VW-286) - Drivaksel høyre,1633427519,,,90,PCE,,61,2,658.8,,2690,2152
TRUE,DK10171,(VW-230) - Drivaksel høyre,1633427520,,,90,PCE,,46,2,496.8,,1390,1112
TRUE,DK10191,(VW-234) - Drivaksel høyre,1633427521,,,90,PCE,,47,2,507.6,,2172,1737.6
TRUE,DK10211,(VW-240A) - Drivaksel høyre,1633427522,,,90,PCE,,51,2,550.8,,2450,1960
TRUE,DK10223,(PG-123) - Drivaksel venstre,1633427523,,,90,PCE,,60,2,648,,1790,1432
TRUE,DK10244,(HY-29659) -  (1214-CAMTRH) - Drivaksel,1633427524,,,90,PCE,,54,2,583.2,,2680,2144
TRUE,DK10247,(HY-2174) -  (HY174RN) - Drivaksel,1633427525,,,90,PCE,,130,2,1404,,2800,2240
TRUE,DK10249,(HY-1150) -  (1214-SOLLH) - Drivaksel,1633427526,,,90,PCE,,43,2,464.4,,1990,1592
TRUE,DK10255,(PG-205A1) Drivaksel høyre,1633427527,,,90,PCE,,49,2,529.2,,1500,1200
TRUE,DK10263,(PG-107) - Drivaksel venstre,1633427528,,,90,PCE,,46,2,496.8,,1890,1512
TRUE,DK10267,(PG-105A1) - Drivaksel venstre,1633427529,,,90,PCE,,46,2,496.8,,1650,1320
TRUE,DK10268,(AD-102A) - Drivaksel venstre,1633427530,,,90,PCE,,49,2,529.2,,2190,1752
TRUE,DK10280,(VW-246) - Drivaksel høyre,1633427531,,,90,PCE,,96,2,1036.8,,2945,2356
TRUE,DK10282,(KA-218A) - Drivaksel høyre,1633427532,,,90,PCE,,65,2,702,,2650,2120
TRUE,DK10295,AD-114A (AD-106A) (203057) - Drivaksel,1633427533,,,90,PCE,,54,2,583.2,,2200,1760
TRUE,DK10296,(AD-506) - Drivaksel,1633427534,,,90,PCE,,102,2,1101.6,,2890,2312
TRUE,DK10300,(AD-113A) - Drivaksel venstre,1633427535,,,90,PCE,,63,2,680.4,,2150,1720
TRUE,DK10302,(MI-130A) - Drivaksel venstre,1633427536,,,90,PCE,,42,2,453.6,,1699,1359.2
TRUE,DK10306,SB-205A -((SA112ARN))- Drivaksel,1633427537,,,90,PCE,,77,2,831.6,,2890,2312
TRUE,DK10308,(CT-212A) - Drivaksel høyre,1633427538,,,90,PCE,,62,2,669.6,,1690,1352
TRUE,DK10310,(MI-296) - Drivaksel høyre,1633427539,,,90,PCE,,84,2,907.2,,3325,2660
TRUE,DK10311,(RV-306A) - Drivaksel,1633427540,,,90,PCE,,83,2,896.4,,2990,2392
TRUE,DK10314,(CT-206A) - Drivaksel høyre,1633427541,,,90,PCE,,50,2,540,,1499,1199.2
TRUE,DK10316,(CT-223) - Drivaksel høyre,1633427542,,,90,PCE,,67,2,723.6,,2150,1720
TRUE,DK10318,(CT-107) - Drivaksel venstre,1633427543,,,90,PCE,,36,2,388.8,,1138,910.4
TRUE,DK10323,(CT-128) - Drivaksel venstre,1633427544,,,90,PCE,,87,2,939.6,,2900,2320
TRUE,DK10328,(CT-207) - Drivaksel høyre,1633427545,,,90,PCE,,38,2,410.4,,1250,1000
TRUE,DK10330,(CT-270) - Drivaksel høyre,1633427546,,,90,PCE,,93,2,1004.4,,2350,1880
TRUE,DK10334," Drivaksel Bmw, Framaksel venstre",1633427547,,,90,PCE,0,75,2,810,,4790,3832
TRUE,DK10335,(BM-205) Drivaksel foran høyre,1633427548,,,90,PCE,15200000,63,2,680.4,,1900,1520
TRUE,DK10341,BM-1225 (BM225L) - Drivaksel,1633427549,,,90,PCE,,114,2,1231.2,,3299,2639.2
TRUE,DK10344,"Shaftec-(BM225R), GSP-(205134), ED-(BM-508)- Drivaksel",1633427550,,,90,PCE,,81,2,874.8,,3299,2639.2
TRUE,DK10345,(BM-102) - Drivaksel venstre,1633427551,,,90,PCE,,50,2,540,,1990,1592
TRUE,DK10348,(BM-107A) - Drivaksel,1633427552,,,90,PCE,,58,2,626.4,,2229,1783.2
TRUE,DK10350,(BM-302A ( BM-116A )- Drivaksel,1633427553,,,90,PCE,,74,2,799.2,,2290,1832
TRUE,DK10355,BM-504 -(BM-505) - Drivaksel,1633427554,,,90,PCE,,77,2,831.6,,4790,3832
TRUE,DK10363,(RN-104A1) - Drivaksel,1633427555,,,90,PCE,,40,2,432,,1200,960
TRUE,DK10366,(RN-101A) - Drivaksel,1633427556,,,90,PCE,,51,2,550.8,,1800,1440
TRUE,DK10368,RN-237A (rn-211a) - Drivaksel,1633427557,,,90,PCE,,63,2,680.4,,2299,1839.2
TRUE,DK10369,(RN-232) - Drivaksel,1633427558,,,90,PCE,,58,2,626.4,,2100,1680
TRUE,DK10371,(RN-224) - Drivaksel høyre,1633427559,,,90,PCE,,72,2,777.6,,2190,1752
TRUE,DK10383,(RN-110A1) - Drivaksel venstre,1633427560,,,90,PCE,,45,2,486,,1380,1104
TRUE,DK10388,(RN-139) - Drivaksel venstre,1633427561,,,90,PCE,,75,2,810,,2980,2384
TRUE,DK10391,(VW-241) - Drivaksel venstre,1633427562,,,90,PCE,,75,2,810,,2925,2340
TRUE,DK10395,(OP-111) - Drivaksel venstre,1633427563,,,90,PCE,,46,2,496.8,,1890,1512
TRUE,DK10396,(SA-601A) - Drivaksel,1633427564,,,90,PCE,,75,2,810,,2732,2185.6
TRUE,DK10397,(BM-604) - Drivaksel,1633427565,,,90,PCE,,110,2,1188,,3590,2872
TRUE,DK10405,(FD-175)-Drivaksel framaksel venstre,1633427566,,,90,PCE,27840000,82,2,885.6,,3480,2784
TRUE,DK10407,( FD-173A ) - Drivaksel venstre,1633427567,,,90,PCE,23200000,67,2,723.6,,2900,2320
TRUE,DK10408,(VW-281) - Drivaksel høyre,1633427568,,,90,PCE,,84,2,907.2,,2750,2200
TRUE,DK10410,(MB-203A) - Drivaksel høyre,1633427569,,,90,PCE,,68,2,734.4,,2922,2337.6
TRUE,DK10411,(CT-278) - Drivaksel høyre,1633427570,,,90,PCE,,62,2,669.6,,2250,1800
TRUE,DK10412,(OP-209A) - Drivaksel høyre,1633427571,,,90,PCE,,44,2,475.2,,1850,1480
TRUE,DK10413,PG-207 - Drivaksel saknar på hemsida,1633427572,,,90,PCE,,49,2,529.2,,,
TRUE,DK10414,(CT-237) - Drivaksel høyre,1633427573,,,90,PCE,,58,2,626.4,,1890,1512
TRUE,DK10415,(TO-120A) - Drivaksel venstre,1633427574,,,90,PCE,,91,2,982.8,,2640,2112
TRUE,DK10416,(AD-115A) - Drivaksel venstre,1633427575,,,90,PCE,,50,2,540,,1990,1592
TRUE,DK10417,"(TO-158) - Drivaksel, framaksel venstre",1633427576,,,90,PCE,25000000,63,2,680.4,,3125,2500
TRUE,DK10418,(FD-295) - Drivaksel høyre,1633427577,,,90,PCE,26880000,88,2,950.4,,3360,2688
TRUE,DK10419,Psvw02,1633427578,,,90,PCE,,294,2,3175.2,,5999,4799.2
TRUE,DK10420,PSVW01,1633427579,,,90,PCE,,249,2,2689.2,,5999,4799.2
TRUE,DK10425,PSBM03,1633427580,,,90,PCE,,102,2,1101.6,,4250,3400
TRUE,DK10426,PSMB03,1633427581,,,90,PCE,,301,2,3250.8,,7500,6000
TRUE,DK10432,KD-PSHO02,1633427582,,,90,PCE,,225,2,2430,,7890,6312
TRUE,DK10435,(HO-257) - Drivaksel høyre,1633427583,,,90,PCE,24000000,74,1,799.2,,3000,2400
TRUE,DK10436,(GSp- 201130) Drivaksel bak,1633427584,,,90,PCE,21264000,35,1,378,,2658,2126.4
TRUE,DK10439,(VO-211A) - Drivaksel høyre,1633427585,,,90,PCE,19920000,65,1,702,,2490,1992
TRUE,DK10444,(VO-132) - Drivaksel venstre,1633427586,,,90,PCE,26000000,124,1,1339.2,,3250,2600
TRUE,DK10445,"(FD-276) - Drivaksel, Ford, Framaksel høyre ",1633427587,,,90,PCE,29520000,153,1,1652.4,,3690,2952
TRUE,DK10448,"(TO-3322) - Drivaksel, ytre drivledd, ",1633427588,,,90,PCE,22080000,48,1,518.4,,2760,2208
TRUE,DK10453,"(FD-256) - Drivaksel, Ford, høyre ",1633427589,,,90,PCE,18000000,46,1,496.8,,2250,1800
TRUE,DK10458,"(FD-188)- Drivaksel, Ford, Framaksel venstre",1633427590,,,90,PCE,22400000,75,1,810,,2800,2240
TRUE,DK10459,MB-1005 -(ME178LN)- Drivaksel,1633427591,,,90,PCE,,145,1,1566,,4790,3832
TRUE,DK10463,(MB-104) Drivaksel,1633427592,,,90,PCE,,84,1,907.2,,4999,3999.2
TRUE,DK10467,(MB-135A) Drivaksel venstre,1633427593,,,90,PCE,,140,1,1512,,4500,3600
TRUE,DK10474,(MB-3182) - (ME182LR) - Drivaksel,1633427594,,,90,PCE,,203,1,2192.4,,5250,4200
TRUE,DK10482,(MB-2500) - (1614-221FRH) -Drivaksel,1633427595,,,90,PCE,,192,1,2073.6,,6500,5200
TRUE,DK10483,MB-1500 -(1614-221FLH)- Drivaksel venstre,1633427596,,,90,PCE,,192,1,2073.6,,6250,5000
TRUE,DK10484,(MB-234A) Drivaksel høyre,1633427597,,,90,PCE,,114,1,1231.2,,4250,3400
TRUE,DK10485,(MB-1919)  -(ME177L)- Drivaksel,1633427598,,,90,PCE,,140,1,1512,,4820,3856
TRUE,DK10486,(MB-103A) Drivaksel venstre,1633427599,,,90,PCE,,74,1,799.2,,2950,2360
TRUE,DK10490,(VO-3248) - (VO212LR),1633427600,,,90,PCE,,120,1,1296,,2800,2240
TRUE,DK10491,(VO-512) - Drivaksel,1633427601,,,90,PCE,,75,1,810,,3999,3199.2
TRUE,DK10502,(VO-104A) - Drivaksel venstre,1633427602,,,90,PCE,,66,1,712.8,,1999,1599.2
TRUE,DK10507,(VO-219A) - Drivaksel høyre,1633427603,,,90,PCE,,96,1,1036.8,,2980,2384
TRUE,DK10508,(VO-220A) -  (vo-221A) - Drivaksel,1633427604,,,90,PCE,,106,1,1144.8,,2860,2288
TRUE,DK10510,(VO-137A) - Drivaksel venstre,1633427605,,,90,PCE,,110,1,1188,,2990,2392
TRUE,DK10513,(TO-148) - Drivaksel venstre,1633427606,,,90,PCE,,90,1,972,,2790,2232
TRUE,Dk10522,(TO-3345) - (0114-KUN26)- Drivaksel,1633427607,,,90,PCE,,122,1,1317.6,,2990,2392
TRUE,DK10523,(TO-131A)  -(TO-8-818)- Drivaksel,1633427608,,,90,PCE,,91,1,982.8,,2640,2112
TRUE,DK10525,(TO-3965) -(0114-074)- Drivaksel,1633427609,,,90,PCE,,57,1,615.6,,2560,2048
TRUE,DK10526,(TO-244A) - Drivaksel høyre,1633427610,,,90,PCE,,66,1,712.8,,3300,2640
TRUE,DK10527,(TO-1010) -  (TO181L)- Drivaksel,1633427611,,,90,PCE,,100,1,1080,,3450,2760
TRUE,DK10531,(TO-162A) - (TO158LN)- Drivaksel,1633427612,,,90,PCE,,77,1,831.6,,3499,2799.2
TRUE,DK10532,(TO-1984)  - (0114-ACV30A48)- Drivaksel,1633427613,,,90,PCE,,55,1,594,,1990,1592
TRUE,DK10533,(VO-119A) - Drivaksel venstre,1633427614,,,90,PCE,,102,1,1101.6,,2700,2160
TRUE,DK10534,(VO-127A ) - Drivaksel venstre,1633427615,,,90,PCE,,125,1,1350,,3499,2799.2
TRUE,DK10535,(VO-522) - Drivaksel,1633427616,,,90,PCE,,99,1,1069.2,,2550,2040
TRUE,DK10539,(VO-140A) - Drivaksel,1633427617,,,90,PCE,,69,1,745.2,,2490,1992
TRUE,DK10542,(FD-248)- ( FD-233)- ((299042))-Drivaksel,1633427618,,,90,PCE,,54,1,583.2,,2535,2028
TRUE,DK10548,(FD-267A) - Drivaksel høyre,1633427619,,,90,PCE,,81,1,874.8,,2890,2312
TRUE,DK10552,(FD-158) - Drivaksel venstre,1633427620,,,90,PCE,,50,1,540,,2200,1760
TRUE,DK10553,(FD-1630) - (FO221LN)- Drivaksel,1633427621,,,90,PCE,,105,1,1134,,2650,2120
TRUE,DK10555,(FD-179) - Drivaksel venstre,1633427622,,,90,PCE,,78,1,842.4,,2690,2152
TRUE,DK10556,(VO-133) - Drivaksel venstre,1633427623,,,90,PCE,,111,1,1198.8,,3180,2544
TRUE,DK10558,(FD-2630)- (FO221RN)- Drivaksel,1633427624,,,90,PCE,,125,1,1350,,2700,2160
TRUE,DK10563,(VO-222A) - Drivaksel høyre,1633427625,,,90,PCE,,77,1,831.6,,2800,2240
TRUE,DK10564,(VO-117A) - Drivaksel venstre,1633427626,,,90,PCE,,92,1,993.6,,2990,2392
TRUE,DK10569,(VO-131) - Drivaksel venstre,1633427627,,,90,PCE,,68,1,734.4,,2800,2240
TRUE,DK10570,(FD-171A) - Drivaksel venstre,1633427628,,,90,PCE,,88,1,950.4,,2350,1880
TRUE,DK10571,(FD-403) - Drivaksel,1633427629,,,90,PCE,,63,1,680.4,,2420,1936
TRUE,DK10572,(FD-218) - Drivaksel høyre,1633427630,,,90,PCE,,45,1,486,,1900,1520
TRUE,DK10577,(FD-248) - ( FD-233) - ((299042)),1633427631,,,90,PCE,,54,1,583.2,,2535,2028
TRUE,DK10579,(FD-164) (FD-165)- Drivaksel venstre,1633427632,,,90,PCE,,62,1,669.6,,1650,1320
TRUE,DK10584,(FD-401) - Drivaksel,1633427633,,,90,PCE,,63,1,680.4,,2480,1984
TRUE,DK10586,(FD-259) - Drivaksel,1633427634,,,90,PCE,,55,1,594,,2350,1880
TRUE,DK10591,(FD-159)- Drivaksel venstre,1633427635,,,90,PCE,,55,1,594,,1399,1119.2
TRUE,DK10592,(FD-249A) - Drivaksel høyre,1633427636,,,90,PCE,,61,1,658.8,,2250,1800
TRUE,DK10593,(FD-109A) - Drivaksel venstre,1633427637,,,90,PCE,,46,1,496.8,,1791,1432.8
TRUE,DK10594,(FD-227) - Drivaksel høyre,1633427638,,,90,PCE,,63,1,680.4,,1600,1280
TRUE,DK10595,(HO-157)- Drivaksel venstre,1633427639,,,90,PCE,,71,1,766.8,,2800,2240
TRUE,DK10599,(HO-149) - Drivaksel venstre,1633427640,,,90,PCE,,63,1,680.4,,2390,1912
TRUE,DK10602,(HO-218A) - Drivaksel høyre,1633427641,,,90,PCE,,56,1,604.8,,2700,2160
TRUE,DK10604,(HO-115A)- (HO-138A)- Drivaksel,1633427642,,,90,PCE,,50,1,540,,1950,1560
TRUE,DK10605,(HO-247) - Drivaksel høyre,1633427643,,,90,PCE,,62,1,669.6,,2490,1992
TRUE,DK10606,(HO-258) - Drivaksel høyre,1633427644,,,90,PCE,,74,1,799.2,,3250,2600
TRUE,DK10611,(SB-315A) - (SU137LR),1633427645,,,90,PCE,,67,1,723.6,,2433,1946.4
TRUE,DK10614,(NI-256A) - Drivaksel høyre,1633427646,,,90,PCE,,62,1,669.6,,1750,1400
TRUE,DK10627,(NI-173A) - Drivaksel venstre,1633427647,,,90,PCE,,89,1,961.2,,2999,2399.2
TRUE,DK10629,(NI-104A1)- Drivaksel venstre,1633427648,,,90,PCE,,46,1,496.8,,1599,1279.2
TRUE,DK10632,(NI-133A) - Drivaksel venstre,1633427649,,,90,PCE,,46,1,496.8,,1450,1160
TRUE,DK10634,(NI-204A1) - Drivaksel høyre,1633427650,,,90,PCE,,54,1,583.2,,1650,1320
TRUE,DK10636,(NI-262) - Drivaksel venstre,1633427651,,,90,PCE,,57,1,615.6,,1990,1592
TRUE,DK10638,(NI-168) - Drivaksel venstre,1633427652,,,90,PCE,,53,1,572.4,,2160,1728
TRUE,DK10646,(NI-162) - Drivaksel venstre,1633427653,,,90,PCE,,57,1,615.6,,1890,1512
TRUE,DK10656,(NI-169) - Drivaksel venstre,1633427654,,,90,PCE,,66,1,712.8,,2280,1824
TRUE,DK10659,(VW-255)- Drivaksel høyre,1633427655,,,90,PCE,19200000,49,1,529.2,,2400,1920
TRUE,DK10661,(VW-245) drivaksel høyre,1633427656,,,90,PCE,20800000,66,1,712.8,,2600,2080
TRUE,DK10662,"(VW-304) - Drivaksel, Volkswagen, Bakaksel Venstre, Bakaksel",1633427657,,,90,PCE,13200000,42,1,453.6,,1650,1320
TRUE,DK10664,(VW-119) - Drivaksel venstre,1633427658,,,90,PCE,,59,1,637.2,,2450,1960
TRUE,DK10665,(VW-124A) - Drivaksel venstre,1633427659,,,90,PCE,,56,1,604.8,,1690,1352
TRUE,DK10666,(VW-409) -(SE179L)- Drivaksel,1633427660,,,90,PCE,,103,1,1112.4,,2890,2312
TRUE,DK10667,(VW-151) -(253003)- Drivaksel venstre,1633427661,,,90,PCE,,49,1,529.2,,1720,1376
TRUE,Dk10668,(VW-153) - Drivaksel venstre,1633427662,,,90,PCE,,52,1,561.6,,2190,1752
TRUE,DK10669,(VW-185) - Drivaksel venstre,1633427663,,,90,PCE,,63,1,680.4,,3499,2799.2
TRUE,DK10672,(VW-118) - (VW-113)- Drivaksel,1633427664,,,90,PCE,,50,1,540,,2072,1657.6
TRUE,DK10673,(VW-180) - Drivaksel venstre,1633427665,,,90,PCE,,46,1,496.8,,2390,1912
TRUE,DK10676,(VW-179) - Drivaksel venstre,1633427666,,,90,PCE,,63,1,680.4,,2770,2216
TRUE,DK10677,(VW-135) - Drivaksel venstre,1633427667,,,90,PCE,,41,1,442.8,,2125,1700
TRUE,DK10678,(VW-1223)- (VW223L)- Drivaksel,1633427668,,,90,PCE,,82,1,885.6,,2900,2320
TRUE,DK10691,(VW-309A) - Drivaksel,1633427669,,,90,PCE,,50,1,540,,2100,1680
TRUE,DK10695,(OP-112) - Drivaksel venstre,1633427670,,,90,PCE,,50,1,540,,1990,1592
TRUE,DK10699,(OP-223) - Drivaksel høyre,1633427671,,,90,PCE,,66,1,712.8,,2499,1999.2
TRUE,DK10700,(OP-204A) - Drivaksel høyre,1633427672,,,90,PCE,,44,1,475.2,,1450,1160
TRUE,DK10703,(OP-126A) - Drivaksel venstre,1633427673,,,90,PCE,,72,1,777.6,,1850,1480
TRUE,DK10708,(OP-216) - Drivaksel høyre,1633427674,,,90,PCE,,57,1,615.6,,2299,1839.2
TRUE,DK10709,(OP-212) - Drivaksel høyre,1633427675,,,90,PCE,,50,1,540,,1750,1400
TRUE,DK10711,(OP-224) - Drivaksel høyre,1633427676,,,90,PCE,,62,1,669.6,,2390,1912
TRUE,DK10719,(OP-117A) - Drivaksel venstre,1633427677,,,90,PCE,,61,1,658.8,,2190,1752
TRUE,DK10759,(OP-103A) - Drivaksel venstre,1633427678,,,90,PCE,,49,1,529.2,,1780,1424
TRUE,DK10765,(OP-205A) - Drivaksel høyre,1633427679,,,90,PCE,,45,1,486,,1450,1160
TRUE,DK10771,(OP-105A) - Drivaksel venstre,1633427680,,,90,PCE,,47,1,507.6,,1880,1504
TRUE,DK10774,(VW-227) - Drivaksel høyre,1633427681,,,90,PCE,,81,1,874.8,,3125,2500
TRUE,DK10780,(VW-225A) - Drivaksel høyre,1633427682,,,90,PCE,,50,1,540,,1450,1160
TRUE,DK10788,(VW-292) - Drivaksel høyre,1633427683,,,90,PCE,,55,1,594,,2490,1992
TRUE,DK10795,(VW-253) - Drivaksel høyre,1633427684,,,90,PCE,,52,1,561.6,,2350,1880
TRUE,DK10808,(VW-244A) - Drivaksel høyre,1633427685,,,90,PCE,,52,1,561.6,,3199,2559.2
TRUE,DK10815,(VW-254) - Drivaksel høyre,1633427686,,,90,PCE,,47,1,507.6,,2180,1744
TRUE,DK10816,(KA-192A) - Drivaksel Venstre,1633427687,,,90,PCE,29200000,77,1,831.6,,3650,2920
TRUE,DK10821,(CT-158) - Drivaksel venstre,1633427688,,,90,PCE,23200000,80,1,864,,2900,2320
TRUE,DK10822,(HY-1198) - (HY158LN)- Drivaksel,1633427689,,,90,PCE,,115,1,1242,,3599,2879.2
TRUE,DK10827,(HY-257A) - Drivaksel høyre,1633427690,,,90,PCE,,88,1,950.4,,2760,2208
TRUE,DK10831,(HY-1169)- (1214-CAMTLH)- Drivaksel,1633427691,,,90,PCE,,54,1,583.2,,2100,1680
TRUE,DK10834,(HY-210A) - Drivaksel høyre,1633427692,,,90,PCE,,73,1,788.4,,2390,1912
TRUE,DK10835,(HY-122A) - Drivaksel venstre,1633427693,,,90,PCE,,73,1,788.4,,2450,1960
TRUE,DK10837,(HY-125A) - Drivaksel venstre,1633427694,,,90,PCE,,74,1,799.2,,2590,2072
TRUE,DK10857,(PG-201A1) - Drivaksel høyre,1633427695,,,90,PCE,,58,1,626.4,,1890,1512
TRUE,DK10867,(KA-110A) - Drivaksel venstre,1633427696,,,90,PCE,,86,1,928.8,,2650,2120
TRUE,DK10870,(SK-222A) - Drivaksel høyre,1633427697,,,90,PCE,,62,1,669.6,,2890,2312
TRUE,DK10871,PG-1010 -( P182ALN ) - Drivaksel,1633427698,,,90,PCE,,78,1,842.4,,2280,1824
TRUE,DK10880,(PG-109A) - Drivaksel venstre,1633427699,,,90,PCE,,46,1,496.8,,1790,1432
TRUE,DK10881,(SB-107A) - Drivaksel venstre,1633427700,,,90,PCE,,50,1,540,,1699,1359.2
TRUE,DK10882,(PG-209A) - Drivaksel høyre,1633427701,,,90,PCE,,48,1,518.4,,1700,1360
TRUE,DK10883,(AD-282A) - Drivaksel høyre,1633427702,,,90,PCE,,72,1,777.6,,3300,2640
TRUE,DK10884,(AD-202A) - Drivaksel høyre,1633427703,,,90,PCE,,49,1,529.2,,2190,1752
TRUE,DK10885,(AD-326) - Drivaksel,1633427704,,,90,PCE,,85,1,918,,3356,2684.8
TRUE,DK10886,(AD-111A) - Drivaksel ventre,1633427705,,,90,PCE,,50,1,540,,1790,1432
TRUE,DK10887,(MI-142A) - Drivaksel venstre,1633427706,,,90,PCE,25768000,81,1,874.8,,3221,2576.8
TRUE,DK10889,(AD-109A) - Drivaksel venstre,1633427707,,,90,PCE,,50,1,540,,1480,1184
TRUE,DK10893,(AD-318) - Drivaksel,1633427708,,,90,PCE,,58,1,626.4,,2800,2240
TRUE,DK10894,AD-1354 (AU354L),1633427709,,,90,PCE,,95,1,1026,,3100,2480
TRUE,DK10896,(AD-422) - Drivaksel,1633427710,,,90,PCE,,105,1,1134,,2980,2384
TRUE,DK10897,(AD-211A) - Drivaksel høyre,1633427711,,,90,PCE,,52,1,561.6,,1840,1472
TRUE,DK10901,(MI-140) - Drivaksel venstre,1633427712,,,90,PCE,,71,1,766.8,,2990,2392
TRUE,DK10903,(MI-240) - Drivaksel høyre,1633427713,,,90,PCE,,68,1,734.4,,2980,2384
TRUE,DK10912,MI-1198 (MI198L),1633427714,,,90,PCE,,156,1,1684.8,,4830,3864
TRUE,DK10914,(SK-214A) - Drivaksel høyre,1633427715,,,90,PCE,,62,1,669.6,,2390,1912
TRUE,DK10916,(RV-301A) - Drivaksel,1633427716,,,90,PCE,,47,1,507.6,,1966,1572.8
TRUE,DK10917,(MZ-271A) - Drivaksel høyre,1633427717,,,90,PCE,,81,1,874.8,,2876,2300.8
TRUE,DK10920,(MI-287A) - Drivaksl høyre,1633427718,,,90,PCE,,83,1,896.4,,2820,2256
TRUE,DK10921,(RV-140A) - Drivaksel venstre,1633427719,,,90,PCE,,82,1,885.6,,2790,2232
TRUE,DK10929,(MZ-128A) Drivaksel venstre,1633427720,,,90,PCE,,92,1,993.6,,3690,2952
TRUE,DK10930,(FI-502) - Drivaksel,1633427721,,,90,PCE,,50,1,540,,1980,1584
TRUE,DK10932,MI-1159 -(MI159LN) - Drivaksel,1633427722,,,90,PCE,,99,1,1069.2,,2999,2399.2
TRUE,DK10933,(RV-302A) - Drivaksel,1633427723,,,90,PCE,,53,1,572.4,,2890,2312
TRUE,DK10935,(MZ-117) - Drivaksel venstre,1633427724,,,90,PCE,,66,1,712.8,,2350,1880
TRUE,DK10940,(MZ-105A) - Drivaksel venstre,1633427725,,,90,PCE,,55,1,594,,2260,1808
TRUE,DK10943,(MZ-217) - Drivaksel høyre,1633427726,,,90,PCE,,62,1,669.6,,2510,2008
TRUE,DK10944,SZ-2645 (SZ134RN) - Drivaksel,1633427727,,,90,PCE,,94,1,1015.2,,3190,2552
TRUE,DK10947,(FI-215) - Drivaksel,1633427728,,,90,PCE,,65,1,702,,2200,1760
TRUE,DK10948,(FI-401) - Drivaksel,1633427729,,,90,PCE,,75,1,810,,2999,2399.2
TRUE,DK10949,(SK-207A) - Drivaksel,1633427730,,,90,PCE,,72,1,777.6,,2890,2312
TRUE,DK10950,(RV-238A) - Drivaksel høyre,1633427731,,,90,PCE,,143,1,1544.4,,3890,3112
TRUE,DK10951,(MI-501A) - Drivaksel,1633427732,,,90,PCE,,136,1,1468.8,,2980,2384
TRUE,DK10952,(RV-236A) - Drivaksel høyre,1633427733,,,90,PCE,,106,1,1144.8,,3200,2560
TRUE,DK10954,(FI-508) - Drivaksel,1633427734,,,90,PCE,,83,1,896.4,,2490,1992
TRUE,DK10955,(JG-102A) - Drivaksel venstre,1633427735,,,90,PCE,,61,1,658.8,,2500,2000
TRUE,DK10956,(KI-2235) - (KI192R)-  Drivaksel høyre,1633427736,,,90,PCE,28000000,103,1,1112.4,,3500,2800
TRUE,DK10957,(MZ-151A) - Drivaksel venstre,1633427737,,,90,PCE,,62,1,669.6,,2450,1960
TRUE,DK10958,(RV-103A) - Drivaksel venstre,1633427738,,,90,PCE,,49,1,529.2,,2100,1680
TRUE,DK10959,MI-2198 (MI198R) - Drivaksel,1633427739,,,90,PCE,,128,1,1382.4,,3800,3040
TRUE,DK10960,(MI-230A) - Drivaksel,1633427740,,,90,PCE,,74,1,799.2,,2263,1810.4
TRUE,DK10964,KA-118A (KA-119A) - Drivaksel,1633427741,,,90,PCE,,63,1,680.4,,2500,2000
TRUE,DK10968,(CT-109A) - Drivaksel venstre,1633427742,,,90,PCE,,62,1,669.6,,2100,1680
TRUE,DK10970,(CT-105A) - Drivaksel venstre,1633427743,,,90,PCE,,50,1,540,,1650,1320
TRUE,DK10972,(CT-124A) - Drivaksel,1633427744,,,90,PCE,,49,1,529.2,,1600,1280
TRUE,DK10976,(CT-227) - Drivaksel høyre,1633427745,,,90,PCE,,68,1,734.4,,2760,2208
TRUE,DK10979,(CT-119) - Drivaksel,1633427746,,,90,PCE,,66,1,712.8,,2150,1720
TRUE,DK10985,(CT-123) - Drivaksel venstre,1633427747,,,90,PCE,,65,1,702,,1980,1584
TRUE,DK10987,(CT-218A) - Drivaksel høyre,1633427748,,,90,PCE,,72,1,777.6,,2300,1840
TRUE,DK10988,(CT-122) - Drivaksel venstre,1633427749,,,90,PCE,,43,1,464.4,,1590,1272
TRUE,DK10989,(CT-127) - Drivaksel,1633427750,,,90,PCE,,58,1,626.4,,2599,2079.2
TRUE,DK10990,(CT-118A) - Drivaksel venstre,1633427751,,,90,PCE,,78,1,842.4,,2150,1720
TRUE,DK10991,(CT-160) - Drivaksel venstre,1633427752,,,90,PCE,,71,1,766.8,,2600,2080
TRUE,DK10992,(CT-226) - Drivaksel høyre,1633427753,,,90,PCE,,55,1,594,,2250,1800
TRUE,DK10999,(CT-117A) - Drivaksel venstre,1633427754,,,90,PCE,,42,1,453.6,,1650,1320
TRUE,DK11001,CT-409 -(C273L)- Drivaksel,1633427755,,,90,PCE,,55,1,594,,2980,2384
TRUE,DK11002,(CT-211A) - Drivaksel høyre,1633427756,,,90,PCE,,60,1,648,,1500,1200
TRUE,DK11003,(BM-124A)  _drivaksel bak venstre,1633427757,,,90,PCE,21440000,89,1,961.2,,2680,2144
TRUE,DK11004,(BM-121) - Drivaksel,1633427758,,,90,PCE,,100,1,1080,,3290,2632
TRUE,DK11005,BM-2260 - (BM260R)- Drivaksel,1633427759,,,90,PCE,,129,1,1393.2,,3300,2640
TRUE,DK11007,BM-1206 (BM260L)- Drivaksel,1633427760,,,90,PCE,,129,1,1393.2,,3200,2560
TRUE,DK11010,(BM-306) - Drivaksel,1633427761,,,90,PCE,,61,1,658.8,,2690,2152
TRUE,DK11011,(BM-211) - Drivaksel venstre,1633427762,,,90,PCE,,100,1,1080,,2360,1888
TRUE,DK12001,(BM-210A) - Drivaksel høyre,1633427763,,,90,PCE,,58,1,626.4,,2500,2000
TRUE,DR10013,(BM-350) - Drivaksel,1633427764,,,90,PCE,,69,1,745.2,,1650,1320
TRUE,DR10026,BM-1222 (BM222L),1633427765,,,90,PCE,,114,1,1231.2,,2780,2224
TRUE,DR10027,(BM-207A) - Drivaksel høyre,1633427766,,,90,PCE,,93,1,1004.4,,2210,1768
TRUE,DR10046,(BM-397) - Drivaksel,1633427767,,,90,PCE,,45,1,486,,2300,1840
TRUE,DR10050,(RN-208) Drivaksel høyre,1633427768,,,90,PCE,19920000,60,1,648,,2490,1992
TRUE,DR10055,(RN-141) - Drivaksel,1633427769,,,90,PCE,,69,1,745.2,,2390,1912
TRUE,DR10073,(RN-241) - Drivaksel,1633427770,,,90,PCE,,62,1,669.6,,3150,2520
TRUE,DR10077,(RN-122) - Drivaksel,1633427771,,,90,PCE,,46,1,496.8,,2300,1840
TRUE,DR10078,(RN-204A1) - Drivaksel,1633427772,,,90,PCE,,45,1,486,,1450,1160
TRUE,DR10092,(RN-212A) - Drivaksel,1633427773,,,90,PCE,,50,1,540,,1850,1480
TRUE,DR10099,(RN-124) - Drivaksel venstre,1633427774,,,90,PCE,,60,1,648,,1990,1592
TRUE,DR10100,(RN-133) - Drivaksel venstre,1633427775,,,90,PCE,,62,1,669.6,,1890,1512
TRUE,DR10108,(RN-238) - Drivaksel høyre,1633427776,,,90,PCE,,68,1,734.4,,2250,1800
TRUE,DR10116,(RN-104A) - Drivaksel venstre,1633427777,,,90,PCE,,37,1,399.6,,1200,960
TRUE,DR10134,(RN-240) - Drivaksel høyre,1633427778,,,90,PCE,,65,1,702,,2790,2232
TRUE,DR10140,(RN-140) - Drivaksel venstre,1633427779,,,90,PCE,,58,1,626.4,,2480,1984
TRUE,DR10143,RN-DR1-16110 - Drivaksel,1633427780,,,90,PCE,,40,1,432,,1790,1432
TRUE,DR10146,(FD-273A ) - Drivaksel høyre,1633427781,,,90,PCE,26000000,71,1,766.8,,3250,2600
TRUE,DR10168,(NI-199) Drivaksel venstre,1633427782,,,90,PCE,23992000,78,1,842.4,,2999,2399.2
TRUE,DR10190,(BM-219) - Drivaksel høyre,1633427783,,,90,PCE,,91,1,982.8,,3800,3040
TRUE,DR10192,BM-M3246 - Drivaksel,1633427784,,,90,PCE,,120,1,1296,,3720,2976
TRUE,DR10196,MB-416 - Drivaksel,1633427785,,,90,PCE,,60,1,648,,,
TRUE,DR10198,(PG-223) - Drivaksel høyre,1633427786,,,90,PCE,,60,1,648,,1890,1512
TRUE,DR10202,(TO-321) - Drivaksel,1633427787,,,90,PCE,,87,1,939.6,,3550,2840
TRUE,DR10203,(FD-264) - Drivaksel høyre,1633427788,,,90,PCE,,70,1,756,,1550,1240
TRUE,DR10220,(AD-328) - Drivaksel,1633427789,,,90,PCE,,85,1,918,,3740,2992
TRUE,DR10227,AD-315 Drivaksel,1633427790,,,90,PCE,,50,1,540,,,
TRUE,DR10246,Drivaksel,1633427791,,,90,PCE,,70,1,756,,,
TRUE,DR10255,Drivaksel,1633427792,,,90,PCE,,70,1,756,,,
TRUE,DR10256,BM-110A - Drivaksel,1633427793,,,90,PCE,,66,1,712.8,,2500,2000
TRUE,DR10260,"(1612-221) -(MB-ST-105) Stikkaksel, indre drivaksel",1633427794,,,90,PCE,19120000,72,1,777.6,,2390,1912
TRUE,DR10266,(CT-206A1) - Drivaksel høyre,1633427795,,,90,PCE,,52,1,561.6,,1499,1199.2
TRUE,DR10268,KD-AD-003 -(AUDI/7A),1633427796,,,90,PCE,,319,1,3445.2,,9450,7560
TRUE,DR10271,KD-D28147,1633427797,,,90,PCE,,279,1,3013.2,,12500,10000
TRUE,DR10278,KD-W1705406,1633427798,,,90,PCE,,416,1,4492.8,,10900,8720
TRUE,DR10280,KD-PSMB03-06 -(HCMV221P)-,1633427799,,,90,PCE,,301,1,3250.8,,7500,6000
TRUE,DR10293,W9069906,1633427800,,,90,PCE,,425,1,4590,,9800,7840
TRUE,DR10306,KA-AD-0550 - saknar på hemsida,1633427801,,,90,PCE,,319,1,3445.2,,,
TRUE,DR10311,37140-3507,1633427802,,,90,PCE,,219,1,2365.2,,,
TRUE,DR10317,KD-NI-00545-06,1633427803,,,90,PCE,,243,1,2624.4,,7840,6272
TRUE,DR10319,KD-NS81012,1633427804,,,90,PCE,,43,1,464.4,,2800,2240
TRUE,DR10322,NS81010,1633427805,,,90,PCE,,43,1,464.4,,2800,2240
TRUE,DR10326,PSMB09,1633427806,,,90,PCE,,301,1,3250.8,,7500,6000
TRUE,DR10331,KD-TO-2525,1633427807,,,90,PCE,,215,1,2322,,,
TRUE,DR10346,KD-PSMB018-06,1633427808,,,90,PCE,,301,1,3250.8,,8900,7120
TRUE,DR10347,KD-MB-7375,1633427809,,,90,PCE,,195,1,2106,,6100,4880
TRUE,DR10353,KD-NI-00545 (NISSAN-AS/10),1633427810,,,90,PCE,,421,1,4546.8,,9800,7840
TRUE,DR10359,KD-315155-org W9065606,1633427811,,,90,PCE,,445,1,4806,,11800,9440
TRUE,DR10361,W9061416,1633427812,,,90,PCE,,425,1,4590,,12500,10000
TRUE,DR10366,MB-AMS/3,1633427813,,,90,PCE,,340,1,3672,,8900,7120
TRUE,DR10370,KD-G21801-org,1633427814,,,90,PCE,,525,1,5670,,11500,9200
TRUE,DR10371,KD-PSHY01,1633427815,,,90,PCE,,227,1,2451.6,,6500,5200
TRUE,DR10374,KD-NI-8068  -(NISSAN-AS/1A)-,1633427816,,,90,PCE,,325,1,3510,,7800,6240
TRUE,DR10376,SPRINTER-2P/8,1633427817,,,90,PCE,,429,1,4633.2,,12500,10000
TRUE,DR10378,G21804,1633427818,,,90,PCE,,425,1,4590,,,
TRUE,DR10389,(OJ-VO-5875) Drivledd,1633427819,,,90,PCE,15840000,62,0,669.6,,1980,1584
TRUE,DR10402,0482-V75R - MR418068 Lager,1633427820,,,90,PCE,8800000,34,0,367.2,,,
TRUE,DR10403,(CB-VW-003-L) Mellomaksel lager,1633427821,,,90,PCE,13520000,64,1,691.2,,1690,1352
TRUE,DR10423,"(ASVL-XC90) - Ledd, Mellomaksel kryss",1633427822,,,90,PCE,0,32,1,345.6,,1380,1104
TRUE,DR10427,"(1410-REXIIPTA40) - Ytre drivknute, drivledd, leddsett, hjulside, fra",1633427823,,,90,PCE,0,53,2,572.4,,1890,1512
TRUE,DR10429,"Reparationssats, bromsok bak",1633427824,,,90,PCE,0,0,0,0,,,
TRUE,DR10432,(CB-MB-211)- (BZCB-211) Mellomaksel lager,1633427825,,,90,PCE,7992000,21,1,226.8,,999,799.2
TRUE,DR10434,(CB-VW-350) - Mellomaksel lager,1633427826,,,90,PCE,13520000,20,4,216,,1790,1432
TRUE,DR10451,(KD-PSMB13) - Mellomaksel,1633427827,,,90,PCE,52000000,301,0,3250.8,,8500,6800
TRUE,DR10452,"(BM-202) - Drivaksel, BMW Framaksel, høyre",1633427828,,,90,PCE,0,59,0,637.2,,2450,1960
TRUE,DR10453,(MK-IV-002) - Mellomaksel kryss,1633427829,,,90,PCE,6400000,21,3,226.8,,1120,896
TRUE,DR10454,"Fett, grease, Drivknute, Drivledd, Universal",1633427830,,,90,PCE,232000,0,0,0,,29,23.2
TRUE,DR10456,(OJ-RN-1984) - Drivledd,1633427831,,,90,PCE,9600000,33,1,356.4,,1200,960
TRUE,DR10457,(OJ-TO-0244) - Drivledd,1633427832,,,90,PCE,7640000,19,3,205.2,,955,764
TRUE,DR10458,(CBMB01 ) - Mellomaksel lager,1633427833,,,90,PCE,6320000,9,4,97.2,,790,632
TRUE,DR10460,"(BKUV03) - Drivakselmansjett, drivleddmansjett,",1633427834,,,90,PCE,1040000,3,70,32.4,,130,104
TRUE,DR10463,(KD-PSMB014) - Mellomaksel,1633427835,,,90,PCE,48000000,302,0,3261.6,,10399,8319.2
TRUE,DR10464,(CB-TO-004) - Mellomaksel lager,1633427836,,,90,PCE,9520000,13,7,140.4,,1190,952
TRUE,DR10466,(VO-236XP) Drivaksel høyre,1633427837,,,90,PCE,27920000,169,0,1825.2,,3490,2792
TRUE,DR10467,(CB-IV-565) -(BMCB91) Mellomaksel lager,1633427838,,,90,PCE,11600000,0,0,0,,1450,1160
TRUE,DR10468,"(EDBKS01) - Mansjett, drivakselmansjett med 10 års garanti",1633427839,,,90,PCE,2000000,6,0,64.8,,250,200
TRUE,DR10469,(OJ-VA-1986) Drivledd,1633427840,,,90,PCE,8640000,25,1,270,,1080,864
TRUE,DR10471,(OJ-CT-1427) - Drivledd,1633427841,,,90,PCE,7544000,16,2,172.8,,943,754.4
TRUE,DR10472,"(MK-RN-40120) - Mellomakselkryss, kryss, ledd, til mellomaksel Re",1633427842,,,90,PCE,5328000,6,5,64.8,,666,532.8
TRUE,DR10474,(CBAD01) - Mellomaksel lager,1633427843,,,90,PCE,15360000,44,0,475.2,,1920,1536
TRUE,DR10475,Frakt,1633427844,,,90,PCE,0,0,0,0,,,
TRUE,DR10475,(MK-MB-0906) - Mellomakselkryss ASBZ-906,1633427845,,,90,PCE,6304000,8,3,86.4,,788,630.4
TRUE,DR10476,"(MK-MB-4600) -  Ledd, Mellomaksel kryss",1633427846,,,90,PCE,9752000,32,0,345.6,,1219,975.2
TRUE,DR10477,Returpakke,1633427847,,,90,PCE,1880000,0,0,0,,,
TRUE,DR10478,(BM-221) - Drivaksel høyre,1633427848,,,90,PCE,27920000,100,0,1080,,3490,2792
TRUE,DR10479,(TCB-003) - (CB-TO-02) - Mellomaksel lager,1633427849,,,90,PCE,8960000,8,3,86.4,,1120,896
TRUE,DR10480,Drivlinje vinst,1633427850,,,90,PCE,0,0,0,0,,,
TRUE,DR10481,(Vw-250) - Drivaksel høyre,1633427851,,,90,PCE,17200000,49,0,529.2,,2150,1720
TRUE,DR10482,TESTPRODUKT anto,1633427852,,,90,PCE,1800000,0,0,0,,,
TRUE,DR10484,(KCB-SOR) - (CB-HY-6000 ) - Mellomaksellager,1633427853,,,90,PCE,10320000,26,2,280.8,,1290,1032
TRUE,DR10487,(BM-502A)- Drivaksel bak høyre,1633427854,,,90,PCE,22880000,78,0,842.4,,2860,2288
TRUE,DR10489,"(MK-IV-002) - Ledd, Mellomaksel",1633427855,,,90,PCE,8960000,0,0,0,,1120,896
TRUE,DR10491,"(MANBKU) - Drivakselmansjett, drivleddmansjett, drivknutemans",1633427856,,,90,PCE,7992000,0,0,0,,999,799.2
TRUE,DR10493,(HYCB-001) - (CB-HY-02) - Mellomaksel lager,1633427857,,,90,PCE,7992000,10,6,108,,999,799.2
TRUE,DR10498,"(S02) - Indre drivledd Drivaksling, drivaksel stikkaksel ",1633427858,,,90,PCE,0,24,2,259.2,,850,680
TRUE,DR10499,"(BM-105) - Drivaksel, Bmw, Framaksel venstre ",1633427859,,,90,PCE,0,62,0,669.6,,1800,1440
TRUE,DR10500,(OJ-VO-1671) - Drivknute,1633427860,,,90,PCE,7192000,24,5,259.2,,899,719.2
TRUE,DR10501,"(MANEDS) -Drivakselmansjett, mansjett, belg, drivknutemansj",1633427861,,,90,PCE,15200000,0,0,0,,1900,1520
TRUE,DR10502,(HO-241A) - Drivaksel høyre,1633427862,,,90,PCE,22400000,63,0,680.4,,2800,2240
TRUE,DR10505,"(BM300) -(MK-NI-300) - Ledd, Mellomaksel kryss",1633427863,,,90,PCE,5440000,6,3,64.8,,680,544
TRUE,DR10507,(OJ-BM-1953) Ledd,1633427864,,,90,PCE,8960000,25,2,270,,1120,896
TRUE,DR10508,(VO-232) - Drivaksel høyre,1633427865,,,90,PCE,28000000,125,0,1350,,3500,2800
TRUE,DR10510,(TO-247A) - Drivaksel høyre,1633427866,,,90,PCE,23120000,75,0,810,,2890,2312
TRUE,DR10517,"(MK-TO-2323) Ledd, Mellomaksel kryss",1633427867,,,90,PCE,4712000,4,2,43.2,,589,471.2
TRUE,DR10520,"ABS-givare fram, vänster",1633427868,,,90,PCE,0,0,0,0,,,
TRUE,DR10521,(ASN-R51F) - (MK-NI-5151) mellomaksel kryss,1633427869,,,90,PCE,5520000,6,4,64.8,,690,552
TRUE,DR10524,(CT-219) - Drivaksel høyre,1633427870,,,90,PCE,20960000,63,0,680.4,,2620,2096
TRUE,DR10529,"(OJ-VA-1450) -Ytre drivknute, drivledd, leddsett, hjulside",1633427871,,,90,PCE,5064000,18,3,194.4,,633,506.4
TRUE,DR10532,"Tillbehörssats, bromsbackar ",1633427872,,,90,PCE,0,0,0,0,,,
TRUE,DR10533,(Vo-120A) Drivaksel venstre,1633427873,,,90,PCE,20480000,104,0,1123.2,,2560,2048
TRUE,DR10534,(OJ-BM-1958) - Drivledd,1633427874,,,90,PCE,23920000,43,1,464.4,,2990,2392
TRUE,DR10537,Fakturagebyr,1633427875,,,50,PCE,392000,0,0,0,,,
TRUE,DR10540,(BM-299A) Drivaksel høyre,1633427876,,,90,PCE,26320000,112,0,1209.6,,3290,2632
TRUE,DR10543,"(0410-CU20RA43) Ytre drivknute, drivledd, leddsett",1633427877,,,90,PCE,11192000,26,1,280.8,,1399,1119.2
TRUE,DR10546,(VW-323A) Drivaksel,1633427878,,,90,PCE,23920000,60,0,648,,2990,2392
TRUE,DR10553,(FD-187) - Drivaksel venstre,1633427879,,,90,PCE,22400000,71,0,766.8,,2800,2240
TRUE,DR10555,(CB-IV-003) - Mellomaksel lager,1633427880,,,90,PCE,11120000,29,4,313.2,,1390,1112
TRUE,DR10556,"(TCB-ACA30) - (CB-TO-11112) - Mellomaksel lager, ",1633427881,,,90,PCE,12400000,29,0,313.2,,1550,1240
TRUE,DR10557,(CB-VW-003-H)- Mellomaksellager,1633427882,,,90,PCE,13520000,64,4,691.2,,1690,1352
TRUE,DR10559,(NI-299) -Drivaksel framaksel höyre,1633427883,,,90,PCE,23992000,87,0,939.6,,2999,2399.2
TRUE,DR10560,MOduler data till nettsiden,1633427884,,,60,PCE,129100000,0,0,0,,,
TRUE,DR10561,Bedriftspakke,1633427885,,,90,PCE,1880000,0,0,0,,,
TRUE,DR10562,"Klemmer til drivakselmansjett, mansjett, drivknut",1633427886,,,90,PCE,312000,0,0,0,,39,31.2
TRUE,DR10563,(OJ-TO-0269 ) - Drivledd,1633427887,,,90,PCE,7200000,24,1,259.2,,900,720
TRUE,DR10566,(ASBZ-209) - (MK-MB-0011) Mellomakselkryss,1633427888,,,90,PCE,9440000,19,5,205.2,,1180,944
TRUE,DR10568,På Døren Pakke,1633427889,,,90,PCE,1720000,0,0,0,,,
TRUE,DR10570,(CONE) - Enkel montering uten demontering av drivknuten,1633427890,,,90,PCE,1200000,2,13,21.6,,150,120
TRUE,DR10572,(AD-313A (AD-303A AD-288A9) - Drivaksel foran,1633427891,,,90,PCE,19200000,50,0,540,,2400,1920
TRUE,DR10574,(CJMB02) - Mellomaksel kryss,1633427892,,,90,PCE,5200000,7,0,75.6,,650,520
TRUE,DR10580,(CBMB11) - Mellomaksel lager,1633427893,,,90,PCE,11192000,39,2,421.2,,1399,1119.2
TRUE,DR10581,(VW-205A) - Drivaksel høyre,1633427894,,,90,PCE,17504000,50,0,540,,2188,1750.4
TRUE,DR10582,(S01) - Stikkaksel,1633427895,,,90,PCE,6800000,39,0,421.2,,850,680
TRUE,DR10583,"(VO-111A) -Drivaksel, Volvo framaksel venstre",1633427896,,,90,PCE,19200000,56,0,604.8,,2400,1920
TRUE,DR10591,(OJ-RV-1608) - Drivledd,1633427897,,,90,PCE,12400000,31,1,334.8,,1550,1240
TRUE,DR10593,"(HY-292A)  - Drivaksel, framaksel høyre",1633427898,,,90,PCE,23920000,107,0,1155.6,,2990,2392
TRUE,DR10594,(OJ-VA-1451) - Drivknute,1633427899,,,90,PCE,6872000,15,6,162,,859,687.2
TRUE,DR10598,"(BM-199A) - Drivaksel, Bmw, framaksel venstre",1633427900,,,90,PCE,0,112,0,1209.6,,3100,2480
TRUE,DR10599,(OJ-VA-1996) - Drivledd,1633427901,,,90,PCE,11600000,30,7,324,,1450,1160
TRUE,DR10603,"(BM-505) - Drivaksel Bmw, Framaksel høyre",1633427902,,,90,PCE,0,77,0,831.6,,4990,3992
TRUE,DR10605,(OJ-VA-1792)- Drivledd,1633427903,,,90,PCE,5400000,15,4,162,,675,540
TRUE,DR10612,Stikkaksel,1633427904,,,90,PCE,23920000,0,0,0,,,
TRUE,DR10615,(BM547) - (MK-OP-2030) - Mellomaksel kryss,1633427905,,,90,PCE,10000000,0,0,0,,1250,1000
TRUE,DR10621,(0110-MCU10A48R) - (OJ-TO-7887) - Drivledd,1633427906,,,90,PCE,15840000,29,1,313.2,,1980,1584
TRUE,DR10628,"(ASH-52) - (MK-HO-5252) - Ledd, Mellomaksel kryss",1633427907,,,90,PCE,5888000,8,5,86.4,,736,588.8
TRUE,DR10633,Mellomaksel org Renu,1633427908,,,90,PCE,60000000,0,0,0,,,
TRUE,DR10636,(OJ-FD-1620) - Drivledd,1633427909,,,90,PCE,6000000,21,0,226.8,,,
TRUE,DR10637,(MI-242A)- Drivaksel høyre,1633427910,,,90,PCE,26400000,77,0,831.6,,3300,2640
TRUE,DR10640,Ekspedisjonsavgift,1633427911,,,20,PCE,0,0,0,0,,,
TRUE,DR10641,(MB-AMS/3) - (KD-315185-06) - Mellomaksel,1633427912,,,90,PCE,71200000,340,0,3672,,8900,7120
TRUE,DR10649,(0410-CWRR) - (OJ-CT-1155) Drivknute,1633427913,,,90,PCE,12720000,38,2,410.4,,1590,1272
TRUE,DR10691,(VW-105A) - Drivaksel venstre,1633427914,,,90,PCE,14304000,50,0,540,,1788,1430.4
TRUE,DR10694,"(2110-FOCII20) - Ytre drivknute, drivledd, leddsett, hjulside",1633427915,,,90,PCE,9520000,16,1,172.8,,1190,952
TRUE,DR10696,(MB-602) - Drivaksel MB,1633427916,,,90,PCE,22400000,81,0,874.8,,2800,2240
TRUE,DR10698,(BZCB-209) -(CB-MB-196) - Mellomaksel lager,1633427917,,,90,PCE,12400000,29,0,313.2,,1550,1240
TRUE,DR10700,"(OJ-VA-1681) -Ytre drivknute, drivledd, leddsett, hjulside",1633427918,,,90,PCE,9824000,21,1,226.8,,1228,982.4
TRUE,DR10702,Servicepakke,1633427919,,,90,PCE,1352000,0,0,0,,,
TRUE,DR10703,"(HCB-001) -Mellomaksel lager, støttelager, opphengslager",1633427920,,,90,PCE,8792000,12,5,129.6,,1099,879.2
TRUE,DR10708,(VW-203) Drivaksel höyre,1633427921,,,90,PCE,13520000,49,0,529.2,,,
TRUE,DR10712,(EDI6051) Indre drivledd,1633427922,,,90,PCE,7920000,23,5,248.4,,990,792
TRUE,DR10717,(BM-404) - Drivaksel venstre foran,1633427923,,,90,PCE,38320000,75,0,810,,4790,3832
TRUE,DR10736,(OJ-HY-0686) - Drivknute,1633427924,,,90,PCE,11840000,29,4,313.2,,1480,1184
TRUE,DR10746,(OJ-HY-0653) - Drivledd,1633427925,,,90,PCE,6648000,16,0,172.8,,831,664.8
TRUE,DR10749,"(ASN-A60R) - Ledd, Mellomaksel kryss",1633427926,,,90,PCE,4800000,6,0,64.8,,600,480
TRUE,DR10752,"(ASM-93) - (MK-MI-101) - Ledd, Mellomaksel kryss",1633427927,,,90,PCE,5592000,4,5,43.2,,699,559.2
TRUE,DR10753,(VO-702) - Drivaksel Volvo framaksel venstre,1633427928,,,90,PCE,2,73,0,788.4,,3250,2600
TRUE,DR10754,(LRCB-FLI) - (CB-LR-001) Mellomaksel lager,1633427929,,,90,PCE,11192000,13,2,140.4,,1399,1119.2
TRUE,DR10773,(1610-164R) - (OJ-MB-2000) Drivledd yttre bak,1633427930,,,90,PCE,23920000,77,1,831.6,,2990,2392
TRUE,DR10783,frakt fra utlandet,1633427931,,,90,PCE,12000000,0,0,0,,,
TRUE,DR10785,"Bromssköld bak, höger",1633427932,,,90,PCE,0,0,0,0,,,
TRUE,DR10803,(OJ-HO-0863)- Ytre drivledd foran,1633427933,,,90,PCE,8000000,26,0,280.8,,1000,800
TRUE,DR10804,"( FD-270 )-Drivaksel, Volvo, Ford, Framaksel høyre",1633427934,,,90,PCE,19528000,58,0,626.4,,2441,1952.8
TRUE,DR10805,(OJ-VA-1694) - Drivledd,1633427935,,,90,PCE,5200000,19,5,205.2,,650,520
TRUE,DR10807,(ASM-H77R) -(MK-MI-2577)- Mellomaksel ledd,1633427936,,,90,PCE,5520000,3,4,32.4,,690,552
TRUE,DR10808,"MPM, Bensin System Cleaner, rengjøring av hele dr",1633427937,,,90,PCE,1192000,0,0,0,,149,119.2
TRUE,DR10810,(AAAAA) - Drivaksel framaksel venstre,1633427938,,,90,PCE,19200000,0,0,0,,,
TRUE,DR10811,DR11197,1633427939,,,90,PCE,26392000,0,0,0,,,
TRUE,DR10812,(HYCB-SAN) - (CB-HY-3000) - Mellomaksel lager,1633427940,,,90,PCE,8960000,21,2,226.8,,1120,896
TRUE,DR10816,(VO-243) Drivaksel høyre,1633427941,,,90,PCE,25000000,100,0,1080,,3125,2500
TRUE,DR10818,(BMCB189)- (CB-LR-003) Mellomaksel lager,1633427942,,,90,PCE,7992000,32,2,345.6,,999,799.2
TRUE,DR10820,(HONDA-5A)- (KD-PS-HO-03) - Mellomaksel,1633427943,,,90,PCE,68000000,265,0,2862,,8500,6800
TRUE,DR10821,(KD-PSMB05-06) Mellomaksel,1633427944,,,90,PCE,60000000,302,0,3261.6,,7500,6000
TRUE,DR10822,"(1210-MATA44) -Ytre drivknute, drivledd, leddsett, hjulside",1633427945,,,90,PCE,0,17,4,183.6,,960,768
TRUE,DR10823,postoppkrav,1633427946,,,90,PCE,392000,0,0,0,,,
TRUE,DR10824,(HYCB-TUC) -(CB-HY-123),1633427947,,,90,PCE,9280000,16,3,172.8,,1160,928
TRUE,DR10825,(OJ-TO-0219) - Drivledd,1633427948,,,90,PCE,10800000,28,2,302.4,,1350,1080
TRUE,DR10826,OJ-CT-1314 - Drivledd,1633427949,,,90,PCE,,16,2,172.8,,450,360
TRUE,DR10827,OJ-CT-1370 - Drivledd,1633427950,,,90,PCE,,16,3,172.8,,850,680
TRUE,DR10828,OJ-CT-1457 - Drivledd,1633427951,,,90,PCE,,19,6,205.2,,754,603.2
TRUE,DR10830,OJ-CT-1458 - Drivledd,1633427952,,,90,PCE,,22,2,237.6,,1133,906.4
TRUE,DR10831,OJ-CT-1470 - Drivledd,1633427953,,,90,PCE,,17,2,183.6,,743,594.4
TRUE,DR10832,OJ-CT-1780 - Drivledd,1633427954,,,90,PCE,,19,4,205.2,,740,592
TRUE,DR10833,OJ-CT-1764- Drivledd,1633427955,,,90,PCE,,25,2,270,,1190,952
TRUE,DR10834,OJ-CT-1948 - Drivledd,1633427956,,,90,PCE,,31,4,334.8,,999,799.2
TRUE,DR10837,OJ-CT-1431 - Drivledd,1633427957,,,90,PCE,,19,1,205.2,,650,520
TRUE,DR10838,OJ-CT-8877 (2510-3084B)- Drivledd,1633427958,,,90,PCE,,28,3,302.4,,1380,1104
TRUE,DR10839,OJ-CT-1958 - Drivledd,1633427959,,,90,PCE,,24,1,259.2,,679,543.2
TRUE,DR10840,OJ-BM-1954- Drivledd,1633427960,,,90,PCE,,33,2,356.4,,1399,1119.2
TRUE,DR10842,OJ-CT-1756 - Drivledd,1633427961,,,90,PCE,,21,2,226.8,,890,712
TRUE,DR10848,OJ-CT-1477- Drivledd,1633427962,,,90,PCE,,21,1,226.8,,754,603.2
TRUE,DR10850,OJ-DA-0568 - Drivledd,1633427963,,,90,PCE,,24,2,259.2,,1200,960
TRUE,DR10855,OJ-FD-1367 - Drivledd,1633427964,,,90,PCE,,28,7,302.4,,1322,1057.6
TRUE,DR10857,OJ-FD-1389 - Drivledd,1633427965,,,90,PCE,,17,1,183.6,,821,656.8
TRUE,DR10858,OJ-FD-1495 - Drivledd,1633427966,,,90,PCE,,19,2,205.2,,640,512
TRUE,DR10859,OJ-FD-1622 - Drivledd,1633427967,,,90,PCE,,19,1,205.2,,843,674.4
TRUE,DR10861,OJ-FD-1496 - Drivledd,1633427968,,,90,PCE,,19,2,205.2,,943,754.4
TRUE,DR10863,OJ-FD-1962 - Drivledd,1633427969,,,90,PCE,,37,2,399.6,,1250,1000
TRUE,DR10868,OJ-FD-1668 - Drivledd,1633427970,,,90,PCE,,22,2,237.6,,950,760
TRUE,DR10869,OJ-FD-1669 - Drivledd,1633427971,,,90,PCE,,18,2,194.4,,711,568.8
TRUE,DR10870,OJ-FD-1714 - Drivledd,1633427972,,,90,PCE,,21,4,226.8,,950,760
TRUE,DR10871,OJ-FD-1371- Drivledd,1633427973,,,90,PCE,,28,2,302.4,,1600,1280
TRUE,DR10873,OJ-FD-1467- Drivledd,1633427974,,,90,PCE,,22,3,237.6,,1000,800
TRUE,DR10874,OJ-FD-1443 - Drivledd,1633427975,,,90,PCE,,22,1,237.6,,949,759.2
TRUE,DR10875,OJ-FD-1963- Drivledd,1633427976,,,90,PCE,,36,2,388.8,,1290,1032
TRUE,DR10877,OJ-NI-0139 - Drivledd,1633427977,,,90,PCE,,18,4,194.4,,750,600
TRUE,DR10878,OJ-FD-1733 - Drivledd,1633427978,,,90,PCE,,19,1,205.2,,990,792
TRUE,DR10881,OJ-HO-0810 - Drivledd,1633427979,,,90,PCE,,16,1,172.8,,685,548
TRUE,DR10883,OJ-HO-0817 - Drivledd,1633427980,,,90,PCE,,21,1,226.8,,880,704
TRUE,DR10886,OJ-HO-0830 - Drivledd,1633427981,,,90,PCE,,19,1,205.2,,750,600
TRUE,DR10887,OJ-HO-0841 - Drivledd,1633427982,,,90,PCE,,21,1,226.8,,850,680
TRUE,DR10888,OJ-HO-0855 - Drivledd,1633427983,,,90,PCE,,23,3,248.4,,1170,936
TRUE,DR10896,OJ-HO-0860 - Drivledd,1633427984,,,90,PCE,,22,3,237.6,,825,660
TRUE,DR10897,OJ-HO-0869 - Drivledd,1633427985,,,90,PCE,,21,1,226.8,,1180,944
TRUE,DR10898,OJ-OP-1390 - Drivledd,1633427986,,,90,PCE,,20,12,216,,950,760
TRUE,DR10899,OJ-OP-1437 - Drivledd,1633427987,,,90,PCE,,16,4,172.8,,650,520
TRUE,DR10902,OJ-OP-1335 - Drivledd,1633427988,,,90,PCE,,16,1,172.8,,699,559.2
TRUE,DR10903,OJ-CT-1758 - Drivledd,1633427989,,,90,PCE,,19,2,205.2,,666,532.8
TRUE,DR10904,OJ-KA-0432 - Drivledd,1633427990,,,90,PCE,,26,1,280.8,,1250,1000
TRUE,DR10906,OJ-KA-0433 - Drivledd,1633427991,,,90,PCE,,28,1,302.4,,1250,1000
TRUE,DR10908,OJ-KA-0435 - Drivledd,1633427992,,,90,PCE,,22,1,237.6,,900,720
TRUE,DR10912,OJ-KA-0441 - Drivledd,1633427993,,,90,PCE,,23,2,248.4,,1018,814.4
TRUE,DR10913,OJ-KA-0448 - Drivledd,1633427994,,,90,PCE,,24,4,259.2,,789,631.2
TRUE,DR10920,OJ-KA-0676 - Drivledd,1633427995,,,90,PCE,,28,2,302.4,,1599,1279.2
TRUE,DR10925,OJ-KA-0510 -  (0510-038A44) - Drivledd,1633427996,,,90,PCE,,18,1,194.4,,1140,912
TRUE,DR10926,OJ-KA-2010 -(2210-NSPRA48)- Drivledd,1633427997,,,90,PCE,,40,1,432,,1390,1112
TRUE,DR10930,OJ-MZ-1475 - Drivledd,1633427998,,,90,PCE,,27,1,291.6,,850,680
TRUE,DR10932,OJ-MZ-0424 - Drivledd,1633427999,,,90,PCE,,31,1,334.8,,900,720
TRUE,DR10934,OJ-MZ-0429- Drivledd,1633428000,,,90,PCE,,25,1,270,,1145,916
TRUE,DR10936,OJ-MZ-0442- Drivledd,1633428001,,,90,PCE,,33,1,356.4,,990,792
TRUE,DR10937,OJ-MZ-0450- Drivledd,1633428002,,,90,PCE,,21,3,226.8,,1240,992
TRUE,DR10938,OJ-NI-0120- Drivledd,1633428003,,,90,PCE,,15,2,162,,750,600
TRUE,DR10945,OJ-MZ-0443 -(0510-M6A44)- Drivledd,1633428004,,,90,PCE,,26,2,280.8,,1250,1000
TRUE,DR10947,OJ-MZ-0451 -(0510-323BJ)- Drivledd,1633428005,,,90,PCE,,20,1,216,,790,632
TRUE,DR10949,OJ-MZ-0459 - Drivledd,1633428006,,,90,PCE,,17,1,183.6,,943,754.4
TRUE,DR10957,OJ-MZ-0285 -(0510-049)- Drivledd,1633428007,,,90,PCE,,19,1,205.2,,1210,968
TRUE,DR10959,OJ-MZ-0460 -(0510-014A44)- Drivledd,1633428008,,,90,PCE,,19,1,205.2,,899,719.2
TRUE,DR10960,OJ-MZ-9582 -(0510-044A44)- Drivledd,1633428009,,,90,PCE,,17,4,183.6,,1190,952
TRUE,DR10966,OJ-MZ-0481- Drivledd,1633428010,,,90,PCE,,15,1,162,,599,479.2
TRUE,DR10969,OJ-MZ-0490 - Drivledd,1633428011,,,90,PCE,,19,1,205.2,,572,457.6
TRUE,DR10970,OJ-MZ-0498- Drivledd,1633428012,,,90,PCE,,15,1,162,,599,479.2
TRUE,DR10974,Febest-(0210-T31M9) - Drivledd,1633428013,,,90,PCE,,22,3,237.6,,1680,1344
TRUE,DR10975,OJ-MI-3339 (0410-V97WRA50) - Drivledd,1633428014,,,90,PCE,,96,2,1036.8,,2860,2288
TRUE,DR10985,OJ-MZ-0496 - Drivledd,1633428015,,,90,PCE,,19,1,205.2,,691,552.8
TRUE,DR10986,OJ-MZ-0054 -(0510-052) - Drivledd,1633428016,,,90,PCE,,19,1,205.2,,999,799.2
TRUE,DR10988,OJ-MI-0672 - saknar på hemsidan,1633428017,,,90,PCE,,39,2,421.2,,,
TRUE,DR10991,OJ-NI-0148 - Drivledd,1633428018,,,90,PCE,,23,2,248.4,,1250,1000
TRUE,DR10992,OJ-NI-0152 - Drivledd,1633428019,,,90,PCE,,18,1,194.4,,750,600
TRUE,DR10998,OJ-NI-0169 -(0210-057A44) - Drivledd,1633428020,,,90,PCE,,18,7,194.4,,750,600
TRUE,DR11000,OJ-NI-0179 - Drivledd,1633428021,,,90,PCE,,23,1,248.4,,750,600
TRUE,DR11013,OJ-NI-0181 - Drivledd,1633428022,,,90,PCE,,17,1,183.6,,750,600
TRUE,DR11014,OJ-NI-0189 - Drivledd,1633428023,,,90,PCE,,17,2,183.6,,750,600
TRUE,DR11015,OJ-NI-0192 - Drivledd,1633428024,,,90,PCE,,18,4,194.4,,750,600
TRUE,DR11016,OJ-NI-0195- Drivledd,1633428025,,,90,PCE,,16,2,172.8,,650,520
TRUE,DR11018,OJ-NI-1190 -(0210-FX35) - Drivledd,1633428026,,,90,PCE,,34,2,367.2,,1190,952
TRUE,DR11019,OJ-NI-0136 - Drivledd,1633428027,,,90,PCE,,26,1,280.8,,750,600
TRUE,DR11020,OJ-NI-4828 -(0210-R51R)- Drivledd,1633428028,,,90,PCE,,50,2,540,,1790,1432
TRUE,DR11021,OJ-NI-3198 -(0210-T30RA44)-VARENR,1633428029,,,90,PCE,,20,1,216,,1320,1056
TRUE,DR11027,OJ-NI-0141 - Drivledd,1633428030,,,90,PCE,,15,1,162,,750,600
TRUE,DR11030,OJ-RN-1379 - Drivledd,1633428031,,,90,PCE,,19,4,205.2,,943,754.4
TRUE,DR11031,OJ-RN-1372 - Drivledd,1633428032,,,90,PCE,,21,2,226.8,,850,680
TRUE,DR11032,OJ-RN-1382- Drivledd,1633428033,,,90,PCE,,17,1,183.6,,950,760
TRUE,DR11036,OJ-RN-1915 - Drivledd,1633428034,,,90,PCE,,22,2,237.6,,850,680
TRUE,DR11037,OJ-RN-1919 - Drivledd,1633428035,,,90,PCE,,37,2,399.6,,1425,1140
TRUE,DR11043,OJ-RN-1426 - Drivledd,1633428036,,,90,PCE,,15,1,162,,954,763.2
TRUE,DR11045,OJ-RN-1904 - Drivledd,1633428037,,,90,PCE,,23,2,248.4,,1190,952
TRUE,DR11050,OJ-SZ-0727 - Drivledd,1633428038,,,90,PCE,,19,3,205.2,,750,600
TRUE,DR11052,OJ-SZ-0733 - Drivledd,1633428039,,,90,PCE,,20,2,216,,1320,1056
TRUE,DR11053,OJ-SY-1414 -(1410-RODA52)- Drivledd,1633428040,,,90,PCE,,41,3,442.8,,1680,1344
TRUE,DR11054,OJ-RN-1462- Drivledd,1633428041,,,90,PCE,,19,4,205.2,,750,600
TRUE,DR11056,OJ-RN-1976 - Drivledd,1633428042,,,90,PCE,,29,5,313.2,,1195,956
TRUE,DR11058,OJ-RN-1429 - Drivledd,1633428043,,,90,PCE,,19,1,205.2,,754,603.2
TRUE,DR11059,OJ-SY-0060 -(1410-NACTRA48)- Drivledd,1633428044,,,90,PCE,,17,1,183.6,,1390,1112
TRUE,DR11060,OJ-SY-1144 -(1410-KORA48)- Drivledd,1633428045,,,90,PCE,,58,2,626.4,,1840,1472
TRUE,DR11064,OJ-SZ-0711 -(0710-SY415A42)- Drivledd,1633428046,,,90,PCE,,15,2,162,,1120,896
TRUE,DR11065,OJ-SZ-0735 - Drivledd,1633428047,,,90,PCE,,21,2,226.8,,1250,1000
TRUE,DR11067,OJ-SY-0099 -(1410-NAA48)- Drivledd,1633428048,,,90,PCE,,49,1,529.2,,1760,1408
TRUE,DR11072,OJ-SZ-0713 (OJ-SZ-0716) - Drivledd,1633428049,,,90,PCE,,19,1,205.2,,699,559.2
TRUE,DR11074,OJ-SY-1041 (1410-REXII) - Drivledd,1633428050,,,90,PCE,,27,2,291.6,,1390,1112
TRUE,DR11079,OJ-SZ-0719 -- (0710-034) -- Drivledd,1633428051,,,90,PCE,,24,6,259.2,,1140,912
TRUE,DR11086,OJ-SZ-0728 - Drivledd,1633428052,,,90,PCE,,20,2,216,,1650,1320
TRUE,DR11088,OJ-SY-1451 -(1410-REXI)- Drivledd,1633428053,,,90,PCE,,23,1,248.4,,1356,1084.8
TRUE,DR11093,OJ-SY-1410 (1410-REXIIAWD) - Drivledd,1633428054,,,90,PCE,,16,1,172.8,,1490,1192
TRUE,DR11101,OJ-SB-0971 - Drivledd,1633428055,,,90,PCE,,20,1,216,,1700,1360
TRUE,DR11102,OJ-SB-0951 - Drivledd,1633428056,,,90,PCE,,21,1,226.8,,950,760
TRUE,DR11110,OJ-SB-0954 - Drivledd,1633428057,,,90,PCE,,20,4,216,,949,759.2
TRUE,DR11111,OJ-SB-0955 -(0810-008 )- Drivledd,1633428058,,,90,PCE,,20,2,216,,949,759.2
TRUE,DR11112,OJ-SA-1406 - Drivledd,1633428059,,,90,PCE,,22,2,237.6,,699,559.2
TRUE,DR11113,OJ-SA-1715 - Drivledd,1633428060,,,90,PCE,,19,2,205.2,,543,434.4
TRUE,DR11116,OJ-HY-0646 - Drivledd,1633428061,,,90,PCE,,20,7,216,,850,680
TRUE,DR11118,OJ-HY-0645 -(0410-V75A50 )-,1633428062,,,90,PCE,,22,2,237.6,,1200,960
TRUE,DR11120,OJ-HY-0619 - Drivledd,1633428063,,,90,PCE,,19,1,205.2,,750,600
TRUE,DR11121,OJ-HY-0616 - Drivledd,1633428064,,,90,PCE,,18,2,194.4,,650,520
TRUE,DR11122,OJ-HY-0628 - Drivledd,1633428065,,,90,PCE,,22,3,237.6,,1650,1320
TRUE,DR11123,OJ-HY-0631 - Drivledd,1633428066,,,90,PCE,,26,3,280.8,,990,792
TRUE,DR11124,OJ-HY-0648- Drivledd,1633428067,,,90,PCE,,20,2,216,,990,792
TRUE,DR11127,OJ-HY-0660 -(1210-TER)- Drivledd,1633428068,,,90,PCE,,31,1,334.8,,1249,999.2
TRUE,DR11149,OJ-HY-0643 - Drivledd,1633428069,,,90,PCE,,23,1,248.4,,990,792
TRUE,DR11159,OJ-HY-0627 - Drivledd,1633428070,,,90,PCE,,20,4,216,,850,680
TRUE,DR11160,OJ-HY-3580 -(1210-TUCMTA48)- Drivledd,1633428071,,,90,PCE,,18,1,194.4,,1590,1272
TRUE,DR11161,OJ-HY-9000 (1210-IX35A48R) - Drivledd,1633428072,,,90,PCE,,32,1,345.6,,1460,1168
TRUE,DR11162,OJ-HY-0632 -(1210-011 )- Drivledd,1633428073,,,90,PCE,,25,2,270,,1047,837.6
TRUE,DR11163,OJ-HY-0651 - Drivledd,1633428074,,,90,PCE,,25,3,270,,1789,1431.2
TRUE,DR11164,OJ-HY-1012 -(1210-TUCA48)- Drivledd,1633428075,,,90,PCE,,25,1,270,,1540,1232
TRUE,DR11165,OJ-HY-0668 - Drivledd,1633428076,,,90,PCE,,24,1,259.2,,990,792
TRUE,DR11166,OJ-HY-0658 - Drivledd,1633428077,,,90,PCE,,23,1,248.4,,1472,1177.6
TRUE,DR11167,OJ-HY-7000 -(1210-SFA52)- Drivledd,1633428078,,,90,PCE,,26,1,280.8,,1460,1168
TRUE,DR11168,OJ-HY-1000 -(1210-SFCLRRA52)- Drivledd,1633428079,,,90,PCE,,29,1,313.2,,1590,1272
TRUE,DR11171,OJ-HY-0606 (OJ-HY-0662) - Drivledd,1633428080,,,90,PCE,,21,5,226.8,,950,760
TRUE,DR11172,OJ-HY-0659 - Drivledd,1633428081,,,90,PCE,,30,4,324,,1240,992
TRUE,DR11174,OJ-HY-0652 - Drivledd,1633428082,,,90,PCE,,20,2,216,,990,792
TRUE,DR11175,OJ-HY-0665 - Drivledd,1633428083,,,90,PCE,,23,2,248.4,,1156,924.8
TRUE,DR11176,OJ-IZ-0309 (826004) - Drivledd,1633428084,,,90,PCE,,21,2,226.8,,850,680
TRUE,DR11178,OJ-NI-0165 - Drivledd,1633428085,,,90,PCE,,20,1,216,,750,600
TRUE,DR11179,OJ-IZ-0310 - Drivledd,1633428086,,,90,PCE,,21,2,226.8,,750,600
TRUE,DR11180,OJ-GM-1415 - Drivledd,1633428087,,,90,PCE,,19,1,205.2,,783,626.4
TRUE,DR11183,OJ-GM-1700 - Drivledd,1633428088,,,90,PCE,,19,1,205.2,,750,600
TRUE,DR11186,OJ-RN-1494 -(2410-MASTA51) - Drivledd,1633428089,,,90,PCE,,21,1,226.8,,943,754.4
TRUE,DR11188,OJ-FI-1768 - Drivledd,1633428090,,,90,PCE,,22,1,237.6,,699,559.2
TRUE,DR11189,OJ-FI-1907 - Drivledd,1633428091,,,90,PCE,,21,1,226.8,,890,712
TRUE,DR11190,OJ-FI-1950 - Drivledd,1633428092,,,90,PCE,,28,2,302.4,,990,792
TRUE,DR11193,OJ-MB-1791 - Drivledd,1633428093,,,90,PCE,,21,1,226.8,,900,720
TRUE,DR11196,OJ-MB-2980 (1610-164) - Drivledd,1633428094,,,90,PCE,,96,2,1036.8,,3245,2596
TRUE,DR11197,OJ-MB-1672 - Drivledd,1633428095,,,90,PCE,,19,4,205.2,,1190,952
TRUE,DR11198,OJ-MB-1462 - Drivledd,1633428096,,,90,PCE,,37,3,399.6,,2490,1992
TRUE,DR11199,OJ-MB-1469 - Drivledd,1633428097,,,90,PCE,,17,6,183.6,,1100,880
TRUE,DR11207,OJ-MB-4477 (1610-460A54) - Drivledd,1633428098,,,90,PCE,,35,1,378,,1980,1584
TRUE,DR11208,OJ-MB-3500 (1610-W639R) - Drivledd,1633428099,,,90,PCE,,21,1,226.8,,1790,1432
TRUE,DR11221,OJ-MB-1616 (1610-210A48) - Drivledd,1633428100,,,90,PCE,,29,1,313.2,,2590,2072
TRUE,DR11222,OJ-MB-2400 (1610-203) - Drivledd,1633428101,,,90,PCE,,64,1,691.2,,2490,1992
TRUE,DR11227,OJ-MB-6688 (1610-212A96R) - Drivledd,1633428102,,,90,PCE,,24,1,259.2,,3450,2760
TRUE,DR11231,OJ-MB-6500 (1610-204A96R) - Drivledd,1633428103,,,90,PCE,,27,1,291.6,,3499,2799.2
TRUE,DR11235,OJ-MB-7766 (1610-164S) - Drivledd,1633428104,,,90,PCE,,73,1,788.4,,2990,2392
TRUE,DR11240,OJ-MB-1690 (1610-169) - Drivledd,1633428105,,,90,PCE,,44,1,475.2,,1720,1376
TRUE,DR11247,OJ-OP-1306 - Drivledd,1633428106,,,90,PCE,,18,2,194.4,,850,680
TRUE,DR11251,OJ-OP-1395 - Drivledd,1633428107,,,90,PCE,,20,1,216,,1038,830.4
TRUE,DR11252,OJ-OP-1396 - Drivledd,1633428108,,,90,PCE,,17,1,183.6,,1090,872
TRUE,DR11258,S03 - Adapter,1633428109,,,90,PCE,,45,1,486,,1990,1592
TRUE,DR11259,S09 - Adapter,1633428110,,,90,PCE,,113,3,1220.4,,2690,2152
TRUE,DR11261,S14,1633428111,,,90,PCE,,79,1,853.2,,,
TRUE,DR11267,S05 - Adapter,1633428112,,,90,PCE,,55,4,594,,1990,1592
TRUE,DR11268,OJ-BM-3366 (1910-X5RR) - Drivledd,1633428113,,,90,PCE,,24,1,259.2,,1340,1072
TRUE,DR11271,OJ-BM-1375 -(1910-X5)- - Drivledd,1633428114,,,90,PCE,,22,2,237.6,,1150,920
TRUE,DR11273,OJ-RV-1010 -(2910-FLIR)- Drivledd,1633428115,,,90,PCE,,18,1,194.4,,1780,1424
TRUE,DR11278,OJ-RV-1699 - Drivledd,1633428116,,,90,PCE,,19,3,205.2,,1060,848
TRUE,DR11280,OJ-RV-1653 - Drivledd,1633428117,,,90,PCE,,17,1,183.6,,1322,1057.6
TRUE,DR11284,OJ-RV-1612 - Drivledd,1633428118,,,90,PCE,,31,1,334.8,,1210,968
TRUE,DR11289,OJ-RV-1611 -(2910-DIIIR )- Drivledd,1633428119,,,90,PCE,,32,1,345.6,,1250,1000
TRUE,DR11290,OJ-TO-0276- Drivledd,1633428120,,,90,PCE,,34,3,367.2,,1100,880
TRUE,DR11292,OJ-TO-0406 -(0110-083)- Drivledd,1633428121,,,90,PCE,,22,3,237.6,,1460,1168
TRUE,DR11293,OJ-TO-0266 -(0110-AZT250A48) - Drivledd,1633428122,,,90,PCE,,26,2,280.8,,915,732
TRUE,DR11302,OJ-TO-0263 - Drivledd,1633428123,,,90,PCE,,19,1,205.2,,850,680
TRUE,DR11303,OJ-TO-0261 - Drivledd,1633428124,,,90,PCE,,19,2,205.2,,1200,960
TRUE,DR11304,OJ-TO-0257 - Drivledd,1633428125,,,90,PCE,,22,2,237.6,,985,788
TRUE,DR11305,OJ-TO-0253 - Drivledd,1633428126,,,90,PCE,,25,2,270,,1090,872
TRUE,DR11307,OJ-TO-0251 - Drivledd,1633428127,,,90,PCE,,19,3,205.2,,1238,990.4
TRUE,DR11309,OJ-TO-0247 - Drivledd,1633428128,,,90,PCE,,19,3,205.2,,850,680
TRUE,DR11315,OJ-TO-0246 - Drivledd,1633428129,,,90,PCE,,20,1,216,,980,784
TRUE,DR11323,OJ-TO-0245 - Drivledd,1633428130,,,90,PCE,,18,2,194.4,,840,672
TRUE,DR11328,"Febest-(0110-ACA30), ED-(OJ-TO-0260) - Drivledd",1633428131,,,90,PCE,,20,1,216,,999,799.2
TRUE,DR11335,OJ-TO-0212 - Saknarpå hemsida,1633428132,,,90,PCE,,16,6,172.8,,,
TRUE,DR11340,OJ-TO-0215 - Drivledd,1633428133,,,90,PCE,,16,2,172.8,,950,760
TRUE,DR11342,OJ-TO-0218 - Drivledd,1633428134,,,90,PCE,,26,1,280.8,,1220,976
TRUE,DR11343,OJ-TO-0226 - Drivledd,1633428135,,,90,PCE,,21,2,226.8,,1200,960
TRUE,DR11344,OJ-TO-0231 - Saknar på hemsida,1633428136,,,90,PCE,,26,1,280.8,,,
TRUE,DR11347,OJ-TO-0235 -(0110-027A48)- Drivledd,1633428137,,,90,PCE,,21,2,226.8,,950,760
TRUE,DR11348,OJ-TO-0267 - (0110-077A48)- Drivledd,1633428138,,,90,PCE,,24,2,259.2,,1150,920
TRUE,DR11349,OJ-TO-0274 - (0110-080)- Drivledd,1633428139,,,90,PCE,,37,2,399.6,,1590,1272
TRUE,DR11354,OJ-TO-0225 - Drivledd,1633428140,,,90,PCE,,19,2,205.2,,950,760
TRUE,DR11355,EDI-TO-001 -(0111-KZN165)- Drivledd,1633428141,,,90,PCE,,35,1,378,,1690,1352
TRUE,DR11357,OJ-TO-0210 - Drivledd,1633428142,,,90,PCE,,20,3,216,,1080,864
TRUE,DR11358,OJ-TO-0201 - Drivledd,1633428143,,,90,PCE,,18,1,194.4,,850,680
TRUE,DR11359,OJ-VA-1449 -(2310-030) - Drivledd,1633428144,,,90,PCE,,16,5,172.8,,777,621.6
TRUE,DR11362,OJ-VA-1472 - Drivledd,1633428145,,,90,PCE,,15,2,162,,611,488.8
TRUE,DR11363,OJ-VA-1438 - Drivledd,1633428146,,,90,PCE,,18,2,194.4,,849,679.2
TRUE,DR11364,OJ-VA-1487 - Drivledd,1633428147,,,90,PCE,,24,1,259.2,,943,754.4
TRUE,DR11369,OJ-VA-1488 - Drivledd,1633428148,,,90,PCE,,16,1,172.8,,700,560
TRUE,DR11371,OJ-VA-1489 - Drivledd,1633428149,,,90,PCE,,17,2,183.6,,650,520
TRUE,DR11372,OJ-VA-1497 - Drivledd,1633428150,,,90,PCE,,20,2,216,,580,464
TRUE,DR11373,OJ-VA-1718 - Drivledd,1633428151,,,90,PCE,,14,1,151.2,,950,760
TRUE,DR11374,OJ-VA-1726 - Drivledd,1633428152,,,90,PCE,,22,2,237.6,,800,640
TRUE,DR11378,OJ-VA-1728 - Drivledd,1633428153,,,90,PCE,,21,3,226.8,,890,712
TRUE,DR11379,OJ-VA-1743 - Drivledd,1633428154,,,90,PCE,,22,2,237.6,,600,480
TRUE,DR11381,OJ-VA-1745 - Drivledd,1633428155,,,90,PCE,,18,8,194.4,,799,639.2
TRUE,DR11382,OJ-VA-1796,1633428156,,,90,PCE,,15,2,162,,,
TRUE,DR11383,OJ-VA-1921,1633428157,,,90,PCE,,28,3,302.4,,,
TRUE,DR11385,OJ-VA-1983 - Drivledd,1633428158,,,90,PCE,,75,2,810,,1890,1512
TRUE,DR11389,OJ-VA-1747,1633428159,,,90,PCE,,16,9,172.8,,,
TRUE,DR11393,OJ-VA-1486 - Drivledd,1633428160,,,90,PCE,,25,5,270,,1380,1104
TRUE,DR11394,OJ-VA-1991 - Drivledd,1633428161,,,90,PCE,,24,2,259.2,,1590,1272
TRUE,DR11396,OJ-VA-1684 - Drivledd,1633428162,,,90,PCE,,18,2,194.4,,599,479.2
TRUE,DR11397,OJ-VO-1908 - Drivledd,1633428163,,,90,PCE,,30,5,324,,1395,1116
TRUE,DR11400,OJ-VO-1498 - Drivledd,1633428164,,,90,PCE,,21,4,226.8,,1211,968.8
TRUE,DR11405,OJ-VO-1485 - Drivledd,1633428165,,,90,PCE,,24,1,259.2,,799,639.2
TRUE,DR11407,OJ-VO-3035 -(2910-FLIIF)- Drivledd,1633428166,,,90,PCE,,26,2,280.8,,1600,1280
TRUE,DR11408,OJ-VO-1980 - Drivledd,1633428167,,,90,PCE,,29,2,313.2,,1250,1000
TRUE,DR11410,OJ-VO-1676 - Drivledd,1633428168,,,90,PCE,,23,1,248.4,,949,759.2
TRUE,DR11412,OJ-VO-1476 - Drivledd,1633428169,,,90,PCE,,20,1,216,,949,759.2
TRUE,DR11413,OJ-VO-1797 - Drivledd,1633428170,,,90,PCE,,24,1,259.2,,1138,910.4
TRUE,DR11415,OJ-VO-1735 - Drivledd,1633428171,,,90,PCE,,23,1,248.4,,743,594.4
TRUE,DR11416,OJ-VO-4070 (2110-CA220) - Drivledd,1633428172,,,90,PCE,,19,1,205.2,,1250,1000
TRUE,DR11417,OJ-VO-1781 - Drivledd,1633428173,,,90,PCE,,21,1,226.8,,844,675.2
TRUE,DR11418,OJ-VA-1909 - Drivledd,1633428174,,,90,PCE,,26,5,280.8,,1190,952
TRUE,DR11419,OJ-VA-1602 - Drivledd,1633428175,,,90,PCE,,20,2,216,,700,560
TRUE,DR11422,OJ-VA-1719 - Drivledd,1633428176,,,90,PCE,,19,2,205.2,,960,768
TRUE,DR11423,OJ-VA-1604 - Drivledd,1633428177,,,90,PCE,,17,1,183.6,,780,624
TRUE,DR11424,OJ-VA-1721 - Drivledd,1633428178,,,90,PCE,,20,1,216,,699,559.2
TRUE,DR11426,OJ-VA-1748 - Drivledd,1633428179,,,90,PCE,,18,1,194.4,,811,648.8
TRUE,DR11429,OJ-VA-1906 - Drivledd,1633428180,,,90,PCE,,26,1,280.8,,999,799.2
TRUE,DR11431,OJ-VO-4055 (2110-FOCII) - Drivledd,1633428181,,,90,PCE,,19,1,205.2,,1290,1032
TRUE,DR11432,OJ-VO-4477 (2710-S40II) - Drivledd,1633428182,,,90,PCE,,32,1,345.6,,1560,1248
TRUE,DR11434,OJ-HY-1211 -(1210-LANA44)- - Drivledd,1633428183,,,90,PCE,,26,1,280.8,,1390,1112
TRUE,DR11435,EDI6041 - Indre drivledd,1633428184,,,90,PCE,,16,3,172.8,,839,671.2
TRUE,DR11436,EDI6042 - Indre drivledd,1633428185,,,90,PCE,,25,2,270,,899,719.2
TRUE,DR11437,EDI6009 - Indre drivledd,1633428186,,,90,PCE,,33,3,356.4,,1280,1024
TRUE,DR11438,EDI-HO-2545 -(0311-HRVMTRH) - Indre drivledd,1633428187,,,90,PCE,,30,1,324,,1590,1272
TRUE,DR11445,EDI6044 - Indre drivledd,1633428188,,,90,PCE,,17,3,183.6,,746,596.8
TRUE,DR11446,EDI6054 - Indre drivledd,1633428189,,,90,PCE,,28,2,302.4,,1288,1030.4
TRUE,DR11447,EDI6008 - Indre drivledd,1633428190,,,90,PCE,,23,1,248.4,,899,719.2
TRUE,DR11450,EDI-TO-4886 -(0111-GRJ120)- Indre drivledd,1633428191,,,90,PCE,,41,1,442.8,,1590,1272
TRUE,DR11451,EDI6101 - Indre Drivledd,1633428192,,,90,PCE,,24,3,259.2,,950,760
TRUE,DR11452,EDI6033 - Indre drivledd,1633428193,,,90,PCE,,23,3,248.4,,899,719.2
TRUE,DR11453,EDI6075 - Indre drivledd,1633428194,,,90,PCE,,39,1,421.2,,1120,896
TRUE,DR11456,EDI6050 - Indre drivledd,1633428195,,,90,PCE,,22,1,237.6,,720,576
TRUE,DR11457,EDI6045 - Indre drivledd,1633428196,,,90,PCE,,22,1,237.6,,925,740
TRUE,DR11458,OJ-MB-1911,1633428197,,,90,PCE,,28,2,302.4,,,
TRUE,DR16678,OJ-VA-1796,1633428198,,,90,PCE,,15,1,162,,,
TRUE,DR18000,OJ-TO-0278,1633428199,,,90,PCE,,24,2,259.2,,,
TRUE,DR18019,OJ-HY-0664 - Drivledd,1633428200,,,90,PCE,,32,2,345.6,,1550,1240
TRUE,DR18033,OJ-HY-0650 (1210-014A44 )- Drivledd,1633428201,,,90,PCE,,25,1,270,,990,792
TRUE,DR18201,OJ-MI-8535 -(0410-GA2RR) - Drivledd,1633428202,,,90,PCE,,69,1,745.2,,2350,1880
TRUE,DR18400,S03S,1633428203,,,90,PCE,,25,5,270,,,
TRUE,DR18412,OJ-TO-0212,1633428204,,,90,PCE,,16,3,172.8,,,
TRUE,DR18444,CB-HO-01 (HCB-005) - Mellomaksellager,1633428205,,,90,PCE,,6,3,64.8,,990,792
TRUE,DR18453,CB-HO-04 (HCB-002) - Mellomaksellager,1633428206,,,90,PCE,,14,14,151.2,,999,799.2
TRUE,DR18550,CB-HO-02 (HCB-003) - Mellomaksellager,1633428207,,,90,PCE,,22,10,237.6,,1250,1000
TRUE,DR18800,CB-MZ-4050 (MZCB-B2500) - Mellomaksel lager,1633428208,,,90,PCE,,35,1,378,,1480,1184
TRUE,DR18888,CB-SB-03 -(SBCB-S11)- Mellomaksel lager,1633428209,,,90,PCE,,38,3,410.4,,1690,1352
TRUE,DR18910,CB-SB-013 (SBCB-B13) - Mellomaksellager,1633428210,,,90,PCE,,45,1,486,,1560,1248
TRUE,DR19125,CB-SY-2650 -(SGCB-KORC)- Mellomaksel lager,1633428211,,,90,PCE,,64,1,691.2,,1780,1424
TRUE,DR20100,CB-LX-8976 (TCB-024) - Mellomaksel lager,1633428212,,,90,PCE,,12,1,129.6,,999,799.2
TRUE,DR20169,CB-LX-980 (TCB-005) - Mellomaksel lager,1633428213,,,90,PCE,,16,1,172.8,,1690,1352
TRUE,DR20189,CB-LX-003 (TCB-020 ) - Mellomaksel lager,1633428214,,,90,PCE,,17,1,183.6,,1250,1000
TRUE,Eksp avg,CB-VO-001 (BMCB211) -(CBV3093)-,1633428215,,,90,PCE,,65,5,702,,1690,1352
TRUE,Fakturagebyr,CB-DG-300 (CRCB-300) - Mellomaksel lager,1633428216,,,90,PCE,,26,1,280.8,,1350,1080
TRUE,FD-271A,CB-VO-003 -(CBV2576)- (BMCB113) -(CBV2576)-,1633428217,,,90,PCE,,17,3,183.6,,1320,1056
TRUE,Frakt,CB-VO-002 -(CBV3058)- (BMCB155)- -(cbv3058)-,1633428218,,,90,PCE,,19,3,205.2,,1590,1272
TRUE,G21804,CB-FD-988 (CBFK)- Mellomaksel lager,1633428219,,,90,PCE,,19,2,205.2,,1450,1160
TRUE,HY-S-100,CB-NI-1515 (NCB-F15) - Mellomaksel lager,1633428220,,,90,PCE,,26,2,280.8,,1780,1424
TRUE,KA-AD-0550,CB-NI-101 (NCB-001) - Mellomaksel lager,1633428221,,,90,PCE,,19,2,205.2,,1180,944
TRUE,KD-TO-2525,CB-NI-1021 (NCB-W30) - Mellomaksel lager,1633428222,,,90,PCE,,10,1,108,,899,719.2
TRUE,LagerDiv,CB-NI-02 (bmcb138) - (NCB-002 ) - Mellomaksel lager,1633428223,,,90,PCE,,15,2,162,,1180,944
TRUE,MA10002,CB-NI-03 - Mellomaksel lager,1633428224,,,90,PCE,,14,3,151.2,,1180,944
TRUE,MA10006,CB-NI-010 - Mellomaksel lager,1633428225,,,90,PCE,,16,1,172.8,,1311,1048.8
TRUE,MA10007,CB-NI-001 (bmcb138) - Mellomaksel lager,1633428226,,,90,PCE,,18,3,194.4,,860,688
TRUE,MA10008,CB-FD-02 (BMCB57) - Mellomaksel lager,1633428227,,,90,PCE,,10,2,108,,1100,880
TRUE,MA10013,CB10072- mellomaksel lager,1633428228,,,90,PCE,,20,1,216,,1600,1280
TRUE,MA10014,CB-FD-4063 -(FDCB-TR)- Mellomaksel lager,1633428229,,,90,PCE,,14,3,151.2,,1465,1172
TRUE,MA10017,CB-FD-0585 -(FDCB-TT9)- Mellomaksel lager,1633428230,,,90,PCE,,12,3,129.6,,890,712
TRUE,MA10021,CB-OP-0550 -(OPCB-ANT)- Lager,1633428231,,,90,PCE,,52,1,561.6,,1600,1280
TRUE,MA10023,CB-FD01 - Lager,1633428232,,,90,PCE,,10,3,108,,750,600
TRUE,MA10024,CB-SY-01 - Lager,1633428233,,,90,PCE,,26,1,280.8,,1190,952
TRUE,MA10046,CB-SB-0002 (SBCB-002) - M lager,1633428234,,,90,PCE,,16,2,172.8,,990,792
TRUE,MA10065,CB-VW-5454 (VWCB-2H) - M lager,1633428235,,,90,PCE,,21,2,226.8,,1699,1359.2
TRUE,MA10070,CB-TO-2000 (TCB-NCP15) - M Lager,1633428236,,,90,PCE,,17,1,183.6,,1190,952
TRUE,MA10070,CB-TO-2460 (TCB-AZT246) - M Lager,1633428237,,,90,PCE,,9,1,97.2,,880,704
TRUE,MA10079,CB-TO-04 - M Lager,1633428238,,,90,PCE,,24,3,259.2,,1190,952
TRUE,MA10100,CB-TO-9889 -(BMCB316),1633428239,,,90,PCE,,25,3,270,,1490,1192
TRUE,MA10114,CB-TO-3551 (BMCB297) - M Lager,1633428240,,,90,PCE,,47,3,507.6,,1590,1272
TRUE,MA10124,CB-TO-320 (BMCB187) - M lager,1633428241,,,90,PCE,,29,3,313.2,,1350,1080
TRUE,MA10174,CBRN01 - M Lager,1633428242,,,90,PCE,,24,1,259.2,,900,720
TRUE,MA10175,CB-LR-012 (bmcm96/2a) - M Lager,1633428243,,,90,PCE,,13,1,140.4,,1499,1199.2
TRUE,MA10209,CB-LR-002 (BMCB330) -(CBRRL)- M lager,1633428244,,,90,PCE,,30,3,324,,1250,1000
TRUE,MA10210,CB-LR-01 (BMCB184 ) -(37996)- M Lager,1633428245,,,90,PCE,,25,1,270,,1230,984
TRUE,MA10211,CB-LR-0001 (LRCB-FLII ) - M Lager,1633428246,,,90,PCE,,32,2,345.6,,1280,1024
TRUE,MA10239,CB-VW-002 (BMCB290) - M Lager,1633428247,,,90,PCE,,25,2,270,,1190,952
TRUE,MA10246,CB-VW-303 -(CBVWS)- -(CBVWS) - M lager,1633428248,,,90,PCE,,25,3,270,,1460,1168
TRUE,MA10247,CBVW01 - M lager,1633428249,,,90,PCE,,17,1,183.6,,1190,952
TRUE,MA10249,CB-TO-1025 -(TCB-025)- (CBTH06) - M Lager,1633428250,,,90,PCE,,12,6,129.6,,1350,1080
TRUE,MA10249,CB-TO-006 (TCB-016) - M lager,1633428251,,,90,PCE,,17,7,183.6,,1150,920
TRUE,MA10252,CB-TO-01 -(TCB-KDN145)- M Lager,1633428252,,,90,PCE,,10,2,108,,1150,920
TRUE,MA10255,CB-TO-03 (TCB-019) - M lager,1633428253,,,90,PCE,,12,4,129.6,,1380,1104
TRUE,MB-416,CB-TO-0170 (TCB-017) - M Lager,1633428254,,,90,PCE,,10,3,108,,890,712
TRUE,MK10000,CB-BM-7505 -(BMCB301) - M lager,1633428255,,,90,PCE,,25,3,270,,1250,1000
TRUE,MK10001,CB-BM-05 - M lager,1633428256,,,90,PCE,,12,2,129.6,,880,704
TRUE,MK10003,CB-BM-007 -(38893) -(CBBM-9) - M lager,1633428257,,,90,PCE,,12,1,129.6,,999,799.2
TRUE,MK10005,CBBM03 - M lager,1633428258,,,90,PCE,,7,1,75.6,,790,632
TRUE,MK10007,CB-BM-1234 (BMCB313) - (CBBM-10)-,1633428259,,,90,PCE,,15,1,162,,1120,896
TRUE,MK10009,CB-BM-06 -(CBBX5) - m Lager,1633428260,,,90,PCE,,15,1,162,,999,799.2
TRUE,MK10010,CB-BM-01 - M lager,1633428261,,,90,PCE,,9,1,97.2,,850,680
TRUE,MK10011,CB-BM-9315 - M lager,1633428262,,,90,PCE,,26,1,280.8,,1360,1088
TRUE,MK10012,CVAUQ7 -(CBA7)- m Lager,1633428263,,,90,PCE,,29,3,313.2,,1500,1200
TRUE,MK10013,CVLJ95 - M Knute,1633428264,,,90,PCE,,60,1,648,,2250,1800
TRUE,MK10015,CVK131 - M Knute,1633428265,,,90,PCE,,60,2,648,,2230,1784
TRUE,MK10016,CB-MI-04 (MCB-KB4) - M lager,1633428266,,,90,PCE,,13,3,140.4,,1259,1007.2
TRUE,MK10017,CBMI05 (MCB-001 ) - M lager,1633428267,,,90,PCE,,13,5,140.4,,1199,959.2
TRUE,MK10019,CB-MI-01 -(MCB-009)- M Lager,1633428268,,,90,PCE,,13,2,140.4,,890,712
TRUE,MK10021,CBMI08 - M lager,1633428269,,,90,PCE,,12,1,129.6,,850,680
TRUE,MK10022,CBMI07 - M lager,1633428270,,,90,PCE,,21,2,226.8,,1300,1040
TRUE,MK10023,CB-MI-02 (MCB-011),1633428271,,,90,PCE,,9,4,97.2,,1120,896
TRUE,MK10024,CB-FD-009 (BMCB61),1633428272,,,90,PCE,,30,1,324,,960,768
TRUE,MK10024,CB-FD-111 (bmcb260),1633428273,,,90,PCE,,20,1,216,,1360,1088
TRUE,MK10025,CBSB02 - M lager,1633428274,,,90,PCE,,37,2,399.6,,1590,1272
TRUE,MK10026,CB-LX-4040 (TCB-USF40) - M lager,1633428275,,,90,PCE,,10,1,108,,1150,920
TRUE,MK10027,CB-DH-2000 (TCB-J100) - M lager,1633428276,,,90,PCE,,45,1,486,,1590,1272
TRUE,MK10028,CB-AD-05 (VWCB-GVI ) - M lager,1633428277,,,90,PCE,,48,1,518.4,,2150,1720
TRUE,MK10030,CB-OP-01 -(Mapco- 33799) - M lager,1633428278,,,90,PCE,,5,1,54,,790,632
TRUE,MK10031,CB-AD-9864 (CBATT) - M Lager,1633428279,,,90,PCE,,28,1,302.4,,1490,1192
TRUE,MK10032,CB-AD-8725 -(CBA6-8) -(cba6-8) M Lager,1633428280,,,90,PCE,,29,1,313.2,,1590,1272
TRUE,MK10033,CB-MB-4444 - M Lager,1633428281,,,90,PCE,,45,1,486,,1690,1352
TRUE,MK10034,CBMB87 (BMCB120) - M lager,1633428282,,,90,PCE,,50,1,540,,1750,1400
TRUE,MK10035,CB-MB-997,1633428283,,,90,PCE,,29,1,313.2,,,
TRUE,MK10036,CB-MB-9060 (BZCB-906) - M Lager,1633428284,,,90,PCE,,32,2,345.6,,1599,1279.2
TRUE,MK10037,CB-MB-1232 (MCB-CU4W) - M Lager,1633428285,,,90,PCE,,9,1,97.2,,1120,896
TRUE,MK10038,CB-MB-9111 - M Lager,1633428286,,,90,PCE,,19,2,205.2,,1150,920
TRUE,MK10039,CBMB12 - M Lager,1633428287,,,90,PCE,,18,3,194.4,,790,632
TRUE,MK10040,CBMB09 - M lager,1633428288,,,90,PCE,,12,3,129.6,,1200,960
TRUE,MK10043,CBMB08 - M Lager,1633428289,,,90,PCE,,8,2,86.4,,790,632
TRUE,MK10044,CBMB04 - M lager,1633428290,,,90,PCE,,6,1,64.8,,999,799.2
TRUE,MK10045,CBMB06 - M lager,1633428291,,,90,PCE,,8,2,86.4,,790,632
TRUE,MK10046,CBMB02 - M lager,1633428292,,,90,PCE,,11,4,118.8,,1320,1056
TRUE,MK10047,CB-SB-1212 (SBCB-S12) - M lager,1633428293,,,90,PCE,,58,2,626.4,,1890,1512
TRUE,MK10048,CB-MB-111 (BMCB41) - M lager,1633428294,,,90,PCE,,58,1,626.4,,1900,1520
TRUE,MK10049,CB-MB-444 (BMCB270 - BMCB270A) - M lager,1633428295,,,90,PCE,,34,3,367.2,,1499,1199.2
TRUE,MK10050,CB10036,1633428296,,,,90,PCE,,16,4,172.8,,
TRUE,MK10051,CB-MB-9442,1633428297,,,90,PCE,,20,2,216,,,
TRUE,MK10052,CB-IV-006 - M lager,1633428298,,,90,PCE,,39,1,421.2,,1550,1240
TRUE,MK10053,VWCB-TR10,1633428299,,,90,PCE,,32,5,345.6,,,
TRUE,MK10055,VWCB-TR11,1633428300,,,90,PCE,,50,2,540,,,
TRUE,MK10056,LagerDiv,1633428301,,,90,PCE,,20,20,216,,,
TRUE,MK10057,CLUTCH200,1633428302,,,90,PCE,,25,12,270,,,
TRUE,MK10058,MK-NI-2323 (ASN-C23),1633428303,,,90,PCE,,19,2,205.2,,1250,1000
TRUE,MK10060,MK-MK-0022 (ASSB-FOR),1633428304,,,90,PCE,,17,4,183.6,,999,799.2
TRUE,MK10061,MK-NI-5050 (ASMZ-BT50),1633428305,,,90,PCE,,11,2,118.8,,825,660
TRUE,MK10062,MK-NI-0005 (ASN-J10),1633428306,,,90,PCE,,32,2,345.6,,1119,895.2
TRUE,MK10063,MK-NI-6060 (ASN-TA60),1633428307,,,90,PCE,,19,1,205.2,,1180,944
TRUE,MK10064,MK-CJMB88 - Kryss ledd,1633428308,,,90,PCE,,8,5,86.4,,750,600
TRUE,MK10066,MK-NI-2424 (ASN-F24),1633428309,,,90,PCE,,21,2,226.8,,1210,968
TRUE,MK10068,MK-DH-001 (BM27 ),1633428310,,,90,PCE,,8,3,86.4,,845,676
TRUE,MK10069,MK-NI-003 (ASN-27),1633428311,,,90,PCE,,2,1,21.6,,490,392
TRUE,MK10070,MK-NI-4646 (ASN-46),1633428312,,,90,PCE,,4,16,43.2,,448,358.4
TRUE,MK10071,MK-MB-5125 (ASN-R51R2WD),1633428313,,,90,PCE,,13,5,140.4,,990,792
TRUE,MK10072,MK-MB-40100,1633428314,,,90,PCE,,21,5,226.8,,1299,1039.2
TRUE,MK10073,MK-SS-0001 (ASSG-REX),1633428315,,,90,PCE,,4,5,43.2,,599,479.2
TRUE,MK10074,MK-NI-2929 (ASN-29),1633428316,,,90,PCE,,3,5,32.4,,490,392
TRUE,MK10075,MK-NI-2525 (ASN-25),1633428317,,,90,PCE,,6,2,64.8,,610,488
TRUE,MK10076,MK-LR-002,1633428318,,,90,PCE,,13,1,140.4,,899,719.2
TRUE,MK10078,MK-FD-1501 (ASFD-F150),1633428319,,,90,PCE,,5,4,54,,650,520
TRUE,MK10080,MK-FD-0022 (ASMZ-9),1633428320,,,90,PCE,,4,6,43.2,,499,399.2
TRUE,MK10081,MK-TO-2050 (AST-KDH205),1633428321,,,90,PCE,,6,2,64.8,,660,528
TRUE,MK10082,MK-TO-0090 (AST-24 ),1633428322,,,90,PCE,,3,9,32.4,,555,444
TRUE,MK10083,MK-TO-3131 (AST-31),1633428323,,,90,PCE,,4,4,43.2,,444,355.2
TRUE,MK10084,MK-TO-6060 (ASN-A60F),1633428324,,,90,PCE,,11,5,118.8,,860,688
TRUE,MK10085,MK-KI-5000 (ASHY-TUC),1633428325,,,90,PCE,,5,3,54,,625,500
TRUE,MK10086,MK-TO-2020 (AST-20),1633428326,,,90,PCE,,6,4,64.8,,600,480
TRUE,MK10087,MK-TO-007 (BM44),1633428327,,,90,PCE,,12,3,129.6,,599,479.2
TRUE,OJ-FD-1620,MK-to-1717 (AST-17),1633428328,,,90,PCE,,4,5,43.2,,600,480
TRUE,OJ-MB-1911,MK-TO-3333 (AST-ACA33),1633428329,,,90,PCE,,32,4,345.6,,1290,1032
TRUE,OJ-MI-0672,MK-TO-010,1633428330,,,90,PCE,,12,1,129.6,,999,799.2
TRUE,OJ-TO-0212,MK-TO-009,1633428331,,,90,PCE,,12,1,129.6,,999,799.2
TRUE,OJ-TO-0212,MK-KY-1414 (ASK-SOR),1633428332,,,90,PCE,,8,3,86.4,,762,609.6
TRUE,OJ-TO-0231,MK-SZ-002 (ASSZ-077) (ASSZ-777),1633428333,,,90,PCE,,5,6,54,,499,399.2
TRUE,OJ-TO-0278,MK-KI-0101 (ASK-SORFY),1633428334,,,90,PCE,,7,2,75.6,,690,552
TRUE,OJ-VA-1747,MK-TO-6002 (AST-F602RM),1633428335,,,90,PCE,,6,1,64.8,,940,752
TRUE,OJ-VA-1796,MK-LR-001 (bm195),1633428336,,,90,PCE,,11,1,118.8,,999,799.2
TRUE,OJ-VA-1796,MK-TO-1515 (AST-GGN15),1633428337,,,90,PCE,,5,3,54,,599,479.2
TRUE,OJ-VA-1921,MK-IV-005 (BM412 ),1633428338,,,90,PCE,,21,2,226.8,,999,799.2
TRUE,På Døren Pakke,MK-IV-001,1633428339,,,90,PCE,,21,3,226.8,,999,799.2
TRUE,PG-207,MK-MI-7676 (ASM-76),1633428340,,,90,PCE,,4,4,43.2,,590,472
TRUE,postoppkrav,MK-JP-001 (BM415),1633428341,,,90,PCE,,15,3,162,,800,640
TRUE,Returpakke,MK-SY-2650 -,1633428342,,,90,PCE,,16,2,172.8,,845,676
TRUE,S03S,MK-MI-001 (ASM-81),1633428343,,,90,PCE,,4,8,43.2,,599,479.2
TRUE,S14,MK-LX-4040 (AST-USF40),1633428344,,,90,PCE,,10,1,108,,999,799.2
TRUE,Servicepakke,MK-LR-1000 (ASLR-DIII),1633428345,,,90,PCE,,4,1,43.2,,1250,1000
TRUE,ST10000,MK-AL-1000 (AS-1639),1633428346,,,90,PCE,,3,4,32.4,,399,319.2
TRUE,TEST1254,MK-AL-0000 (AS-1540),1633428347,,,90,PCE,,3,8,32.4,,490,392
TRUE,UN10000,MK-AL-5050 (AST-1539),1633428348,,,90,PCE,,2,7,21.6,,399,319.2
TRUE,UN10001,MK-MI-9191 (ASM-91),1633428349,,,90,PCE,,4,2,43.2,,540,432
TRUE,UN10002,MK-MI-0000 (ASCR-CAL),1633428350,,,90,PCE,,32,1,345.6,,1240,992
TRUE,UN10003,MK-MI-9999 (ASM-99),1633428351,,,90,PCE,,5,2,54,,645,516
TRUE,UN10004,MK-IZ-002 (BM524),1633428352,,,90,PCE,,11,1,118.8,,699,559.2
TRUE,UN10005,MK-HY-0005 (ASHY-GAL),1633428353,,,90,PCE,,5,2,54,,699,559.2
TRUE,UN10006,MK-HY-001 (AS-009),1633428354,,,90,PCE,,6,1,64.8,,599,479.2
TRUE,UN10007,MK-HO-001,1633428355,,,90,PCE,,12,2,129.6,,899,719.2
TRUE,VO123456,MK-HO-HRV (ASH-HRV),1633428356,,,90,PCE,,11,1,118.8,,980,784
TRUE,VW-203,MK-BM-1515 (ASBM-F15),1633428357,,,90,PCE,,25,1,270,,1250,1000
TRUE,VWCB-TR10,MK-FD-002 (bm681),1633428358,,,90,PCE,,11,2,118.8,,1220,976
TRUE,VWCB-TR11,MK-FD-003,1633428359,,,90,PCE,,11,2,118.8,,750,600
TRUE,,ABSRING,1633428360,,,90,PCE,,3,184,32.4,,,
TRUE,DR10484,(KCB-SOR) - (CB-HY-6000 ) - Mellomaksellager,1633428361,,,90,PCE,10320000,26,2,280.8,,1290,1032
TRUE,DR10487,(BM-502A)- Drivaksel bak høyre,1633428362,,,90,PCE,22880000,78,0,842.4,,2860,2288
TRUE,DR10489,"(MK-IV-002) - Ledd, Mellomaksel",1633428363,,,90,PCE,8960000,0,0,0,,1120,896
TRUE,DR10491,"(MANBKU) - Drivakselmansjett, drivleddmansjett, drivknutemans",1633428364,,,90,PCE,7992000,0,0,0,,999,799.2
TRUE,DR10493,(HYCB-001) - (CB-HY-02) - Mellomaksel lager,1633428365,,,90,PCE,7992000,10,6,108,,999,799.2
TRUE,DR10498,"(S02) - Indre drivledd Drivaksling, drivaksel stikkaksel ",1633428366,,,90,PCE,0,24,2,259.2,,850,680
TRUE,AADR10499AA,"(BM-105) - Drivaksel, Bmw, Framaksel venstre ",1633428367,,,90,PCE,0,62,0,669.6,,1800,1440
TRUE,DR10500,(OJ-VO-1671) - Drivknute,1633428368,,,90,PCE,7192000,24,5,259.2,,899,719.2
TRUE,DR10501,"(MANEDS) -Drivakselmansjett, mansjett, belg, drivknutemansj",1633428369,,,90,PCE,15200000,0,0,0,,1900,1520
TRUE,DR10502,(HO-241A) - Drivaksel høyre,1633428370,,,90,PCE,22400000,63,0,680.4,,2800,2240
TRUE,DR10505,"(BM300) -(MK-NI-300) - Ledd, Mellomaksel kryss",1633428371,,,90,PCE,5440000,6,3,64.8,,680,544
TRUE,DR10507,(OJ-BM-1953) Ledd,1633428372,,,90,PCE,8960000,25,2,270,,1120,896
TRUE,DR10508,(VO-232) - Drivaksel høyre,1633428373,,,90,PCE,28000000,125,0,1350,,3500,2800
TRUE,DR10510,(TO-247A) - Drivaksel høyre,1633428374,,,90,PCE,23120000,75,0,810,,2890,2312
TRUE,DR11014,OJ-NI-0189 - Drivledd,1633428375,,,90,PCE,,17,2,183.6,,750,600
TRUE,DR11015,OJ-NI-0192 - Drivledd,1633428376,,,90,PCE,,18,4,194.4,,750,600
TRUE,DR11016,OJ-NI-0195- Drivledd,1633428377,,,90,PCE,,16,2,172.8,,650,520
TRUE,DR11018,OJ-NI-1190 -(0210-FX35) - Drivledd,1633428378,,,90,PCE,,34,2,367.2,,1190,952
TRUE,DR11019,OJ-NI-0136 - Drivledd,1633428379,,,90,PCE,,26,1,280.8,,750,600
TRUE,DR11020,OJ-NI-4828 -(0210-R51R)- Drivledd,1633428380,,,90,PCE,,50,2,540,,1790,1432
TRUE,DR11021,OJ-NI-3198 -(0210-T30RA44)-VARENR,1633428381,,,90,PCE,,20,1,216,,1320,1056
TRUE,DR11027,OJ-NI-0141 - Drivledd,1633428382,,,90,PCE,,15,1,162,,750,600
TRUE,DR11030,OJ-RN-1379 - Drivledd,1633428383,,,90,PCE,,19,4,205.2,,943,754.4
TRUE,DR11031,OJ-RN-1372 - Drivledd,1633428384,,,90,PCE,,21,2,226.8,,850,680
TRUE,DR11032,OJ-RN-1382- Drivledd,1633428385,,,90,PCE,,17,1,183.6,,950,760
TRUE,DR11036,OJ-RN-1915 - Drivledd,1633428386,,,90,PCE,,22,2,237.6,,850,680
TRUE,DR11037,OJ-RN-1919 - Drivledd,1633428387,,,90,PCE,,37,2,399.6,,1425,1140
TRUE,DR11043,OJ-RN-1426 - Drivledd,1633428388,,,90,PCE,,15,1,162,,954,763.2
TRUE,DR11045,OJ-RN-1904 - Drivledd,1633428389,,,90,PCE,,23,2,248.4,,1190,952
TRUE,DR18000,OJ-TO-0278,1633428390,,,90,PCE,,24,2,259.2,,,
TRUE,DR18019,OJ-HY-0664 - Drivledd,1633428391,,,90,PCE,,32,2,345.6,,1550,1240
TRUE,DR18033,OJ-HY-0650 (1210-014A44 )- Drivledd,1633428392,,,90,PCE,,25,1,270,,990,792
TRUE,DR18201,OJ-MI-8535 -(0410-GA2RR) - Drivledd,1633428393,,,90,PCE,,69,1,745.2,,2350,1880
TRUE,DR18400,S03S,1633428394,,,90,PCE,,25,5,270,,,
TRUE,DR18412,OJ-TO-0212,1633428395,,,90,PCE,,16,3,172.8,,,
TRUE,DR18444,CB-HO-01 (HCB-005) - Mellomaksellager,1633428396,,,90,PCE,,6,3,64.8,,990,792
TRUE,DR18453,CB-HO-04 (HCB-002) - Mellomaksellager,1633428397,,,90,PCE,,14,14,151.2,,999,799.2
TRUE,DR18550,CB-HO-02 (HCB-003) - Mellomaksellager,1633428398,,,90,PCE,,22,10,237.6,,1250,1000
TRUE,DR18800,CB-MZ-4050 (MZCB-B2500) - Mellomaksel lager,1633428399,,,90,PCE,,35,1,378,,1480,1184
